date,total_sales,total_promotion_units,promoted_rows,total_rows,promoted_rows_pct
2013-01-01,2511.618999,0,0,1782,0.0
2013-01-02,496092.417944,0,0,1782,0.0
2013-01-03,361461.231124,0,0,1782,0.0
2013-01-04,354459.6770927,0,0,1782,0.0
2013-01-05,477350.121229,0,0,1782,0.0
2013-01-06,519695.401088,0,0,1782,0.0
2013-01-07,336122.801066,0,0,1782,0.0
2013-01-08,318347.777981,0,0,1782,0.0
2013-01-09,302530.80901799997,0,0,1782,0.0
2013-01-10,258982.003049,0,0,1782,0.0
2013-01-11,289737.6850845,0,0,1782,0.0
2013-01-12,403258.2120105,0,0,1782,0.0
2013-01-13,464638.547998,0,0,1782,0.0
2013-01-14,293348.362078,0,0,1782,0.0
2013-01-15,299129.549954,0,0,1782,0.0
2013-01-16,318347.913946,0,0,1782,0.0
2013-01-17,267498.5159755,0,0,1782,0.0
2013-01-18,296130.850028,0,0,1782,0.0
2013-01-19,432459.852021,0,0,1782,0.0
2013-01-20,461092.386047,0,0,1782,0.0
2013-01-21,311211.26595,0,0,1782,0.0
2013-01-22,296214.728983,0,0,1782,0.0
2013-01-23,283258.4530325,0,0,1782,0.0
2013-01-24,247245.690995,0,0,1782,0.0
2013-01-25,290022.77193,0,0,1782,0.0
2013-01-26,413799.7679753,0,0,1782,0.0
2013-01-27,430411.991233,0,0,1782,0.0
2013-01-28,285460.169953,0,0,1782,0.0
2013-01-29,264488.8180765,0,0,1782,0.0
2013-01-30,281061.127052,0,0,1782,0.0
2013-01-31,271254.217996,0,0,1782,0.0
2013-02-01,369402.055266,0,0,1782,0.0
2013-02-02,518887.462705,0,0,1782,0.0
2013-02-03,486336.82018,0,0,1782,0.0
2013-02-04,344308.715017,0,0,1782,0.0
2013-02-05,321245.83913,0,0,1782,0.0
2013-02-06,321538.177149,0,0,1782,0.0
2013-02-07,290807.530973,0,0,1782,0.0
2013-02-08,347441.789912,0,0,1782,0.0
2013-02-09,416176.2790747,0,0,1782,0.0
2013-02-10,300951.328993,0,0,1782,0.0
2013-02-11,278627.588926,0,0,1782,0.0
2013-02-12,308800.7909121,0,0,1782,0.0
2013-02-13,319597.929962,0,0,1782,0.0
2013-02-14,308164.016957,0,0,1782,0.0
2013-02-15,320168.883912,0,0,1782,0.0
2013-02-16,485660.494008,0,0,1782,0.0
2013-02-17,399588.910014,0,0,1782,0.0
2013-02-18,350745.573191,0,0,1782,0.0
2013-02-19,293637.801951,0,0,1782,0.0
2013-02-20,313803.162034,0,0,1782,0.0
2013-02-21,267711.1090155,0,0,1782,0.0
2013-02-22,285679.869131,0,0,1782,0.0
2013-02-23,412897.349113,0,0,1782,0.0
2013-02-24,452726.126103,0,0,1782,0.0
2013-02-25,307110.875933,0,0,1782,0.0
2013-02-26,270425.0070675,0,0,1782,0.0
2013-02-27,288401.998919,0,0,1782,0.0
2013-02-28,278116.291888,0,0,1782,0.0
2013-03-01,378898.165064,0,0,1782,0.0
2013-03-02,547857.205258,0,0,1782,0.0
2013-03-03,559820.580027,0,0,1782,0.0
2013-03-04,383647.679097,0,0,1782,0.0
2013-03-05,332189.993189,0,0,1782,0.0
2013-03-06,335726.580968,0,0,1782,0.0
2013-03-07,293099.52701,0,0,1782,0.0
2013-03-08,316600.679967,0,0,1782,0.0
2013-03-09,453259.496866,0,0,1782,0.0
2013-03-10,461859.756153,0,0,1782,0.0
2013-03-11,318379.133021,0,0,1782,0.0
2013-03-12,271823.37801,0,0,1782,0.0
2013-03-13,287869.663972,0,0,1782,0.0
2013-03-14,247541.420096,0,0,1782,0.0
2013-03-15,315878.090213,0,0,1782,0.0
2013-03-16,482233.433961,0,0,1782,0.0
2013-03-17,513439.584913,0,0,1782,0.0
2013-03-18,330283.80303,0,0,1782,0.0
2013-03-19,294020.245897,0,0,1782,0.0
2013-03-20,321207.006946,0,0,1782,0.0
2013-03-21,269130.127953,0,0,1782,0.0
2013-03-22,304100.453969,0,0,1782,0.0
2013-03-23,453192.003086,0,0,1782,0.0
2013-03-24,449794.636951,0,0,1782,0.0
2013-03-25,317559.6099585,0,0,1782,0.0
2013-03-26,275818.2359,0,0,1782,0.0
2013-03-27,313691.148998,0,0,1782,0.0
2013-03-28,339293.269022,0,0,1782,0.0
2013-03-29,345513.132,0,0,1782,0.0
2013-03-30,452661.356036,0,0,1782,0.0
2013-03-31,462107.639956,0,0,1782,0.0
2013-04-01,428816.447912,0,0,1782,0.0
2013-04-02,377732.827961,0,0,1782,0.0
2013-04-03,373731.0758793,0,0,1782,0.0
2013-04-04,308738.385963,0,0,1782,0.0
2013-04-05,336394.782031,0,0,1782,0.0
2013-04-06,509424.214023,0,0,1782,0.0
2013-04-07,519048.376884,0,0,1782,0.0
2013-04-08,346649.815943,0,0,1782,0.0
2013-04-09,306335.8019617,0,0,1782,0.0
2013-04-10,312846.374941,0,0,1782,0.0
2013-04-11,303223.41301,0,0,1782,0.0
2013-04-12,314394.967035,0,0,1782,0.0
2013-04-13,453442.497048,0,0,1782,0.0
2013-04-14,478417.148813,0,0,1782,0.0
2013-04-15,338712.458055,0,0,1782,0.0
2013-04-16,333431.88004899997,0,0,1782,0.0
2013-04-17,334990.518942,0,0,1782,0.0
2013-04-18,281924.509951,0,0,1782,0.0
2013-04-19,311588.70494,0,0,1782,0.0
2013-04-20,459884.838043,0,0,1782,0.0
2013-04-21,485721.032087,0,0,1782,0.0
2013-04-22,328886.320986,0,0,1782,0.0
2013-04-23,302097.8329435,0,0,1782,0.0
2013-04-24,310555.184925,0,0,1782,0.0
2013-04-25,268790.618996,0,0,1782,0.0
2013-04-26,304413.556952,0,0,1782,0.0
2013-04-27,446665.337895,0,0,1782,0.0
2013-04-28,477623.4729303,0,0,1782,0.0
2013-04-29,328795.874018,0,0,1782,0.0
2013-04-30,310186.466894,0,0,1782,0.0
2013-05-01,507974.636889,0,0,1782,0.0
2013-05-02,348709.460063,0,0,1782,0.0
2013-05-03,374291.2510323,0,0,1782,0.0
2013-05-04,520339.51596499997,0,0,1782,0.0
2013-05-05,580268.550981,0,0,1782,0.0
2013-05-06,369869.383046,0,0,1782,0.0
2013-05-07,317292.964148,0,0,1782,0.0
2013-05-08,332477.410968,0,0,1782,0.0
2013-05-09,305868.0570225,0,0,1782,0.0
2013-05-10,335937.441949,0,0,1782,0.0
2013-05-11,512090.58108,0,0,1782,0.0
2013-05-12,387860.5050145,0,0,1782,0.0
2013-05-13,350598.06187,0,0,1782,0.0
2013-05-14,308469.313119,0,0,1782,0.0
2013-05-15,329113.560081,0,0,1782,0.0
2013-05-16,307556.946937,0,0,1782,0.0
2013-05-17,330004.241998,0,0,1782,0.0
2013-05-18,480969.558942,0,0,1782,0.0
2013-05-19,518153.554009,0,0,1782,0.0
2013-05-20,341787.214991,0,0,1782,0.0
2013-05-21,307178.399952,0,0,1782,0.0
2013-05-22,301785.4831075,0,0,1782,0.0
2013-05-23,289261.058026,0,0,1782,0.0
2013-05-24,398389.241982,0,0,1782,0.0
2013-05-25,417930.141993,0,0,1782,0.0
2013-05-26,450631.400068,0,0,1782,0.0
2013-05-27,321630.8309235,0,0,1782,0.0
2013-05-28,307329.1680565,0,0,1782,0.0
2013-05-29,309333.380899,0,0,1782,0.0
2013-05-30,304344.849939,0,0,1782,0.0
2013-05-31,330257.841975,0,0,1782,0.0
2013-06-01,566901.814988,0,0,1782,0.0
2013-06-02,637698.494958,0,0,1782,0.0
2013-06-03,426332.097995,0,0,1782,0.0
2013-06-04,369705.160085,0,0,1782,0.0
2013-06-05,361791.080915,0,0,1782,0.0
2013-06-06,317496.765891,0,0,1782,0.0
2013-06-07,357673.087977,0,0,1782,0.0
2013-06-08,466292.699096,0,0,1782,0.0
2013-06-09,526804.730256,0,0,1782,0.0
2013-06-10,349754.291978,0,0,1782,0.0
2013-06-11,283858.2159925,0,0,1782,0.0
2013-06-12,320173.5779987,0,0,1782,0.0
2013-06-13,282886.9200452,0,0,1782,0.0
2013-06-14,326956.7421072,0,0,1782,0.0
2013-06-15,505950.6668701,0,0,1782,0.0
2013-06-16,435894.082881,0,0,1782,0.0
2013-06-17,370944.271024,0,0,1782,0.0
2013-06-18,320885.3399215,0,0,1782,0.0
2013-06-19,319235.25797700003,0,0,1782,0.0
2013-06-20,293877.944015,0,0,1782,0.0
2013-06-21,319722.6870265,0,0,1782,0.0
2013-06-22,446347.312096,0,0,1782,0.0
2013-06-23,504964.845142,0,0,1782,0.0
2013-06-24,336631.9640383,0,0,1782,0.0
2013-06-25,305119.530064,0,0,1782,0.0
2013-06-26,301847.2489636,0,0,1782,0.0
2013-06-27,266525.458966,0,0,1782,0.0
2013-06-28,324210.971803,0,0,1782,0.0
2013-06-29,509379.108146,0,0,1782,0.0
2013-06-30,533481.693027,0,0,1782,0.0
2013-07-01,441758.3880965,0,0,1782,0.0
2013-07-02,390958.38408,0,0,1782,0.0
2013-07-03,374551.917949,0,0,1782,0.0
2013-07-04,327020.179028,0,0,1782,0.0
2013-07-05,351401.500074,0,0,1782,0.0
2013-07-06,479514.493924,0,0,1782,0.0
2013-07-07,500606.073078,0,0,1782,0.0
2013-07-08,365452.995017,0,0,1782,0.0
2013-07-09,317279.1449993,0,0,1782,0.0
2013-07-10,314134.886071,0,0,1782,0.0
2013-07-11,281750.931023,0,0,1782,0.0
2013-07-12,308786.438133,0,0,1782,0.0
2013-07-13,432569.1022205,0,0,1782,0.0
2013-07-14,438722.417857,0,0,1782,0.0
2013-07-15,348803.0469486,0,0,1782,0.0
2013-07-16,335516.229006,0,0,1782,0.0
2013-07-17,324313.8180255,0,0,1782,0.0
2013-07-18,287074.8739522,0,0,1782,0.0
2013-07-19,313332.555049,0,0,1782,0.0
2013-07-20,435497.731013,0,0,1782,0.0
2013-07-21,437952.624049,0,0,1782,0.0
2013-07-22,342802.29905,0,0,1782,0.0
2013-07-23,316257.463107,0,0,1782,0.0
2013-07-24,309243.7899995,0,0,1782,0.0
2013-07-25,298074.2249247,0,0,1782,0.0
2013-07-26,318745.692921,0,0,1782,0.0
2013-07-27,423890.5020012,0,0,1782,0.0
2013-07-28,433358.6520873,0,0,1782,0.0
2013-07-29,331493.2850525,0,0,1782,0.0
2013-07-30,318553.989932,0,0,1782,0.0
2013-07-31,357982.979012,0,0,1782,0.0
2013-08-01,397555.3181021,0,0,1782,0.0
2013-08-02,393831.120007,0,0,1782,0.0
2013-08-03,516956.846013,0,0,1782,0.0
2013-08-04,514267.27594,0,0,1782,0.0
2013-08-05,407033.810946,0,0,1782,0.0
2013-08-06,357263.854086,0,0,1782,0.0
2013-08-07,351302.132003,0,0,1782,0.0
2013-08-08,310953.0239315,0,0,1782,0.0
2013-08-09,337521.667868,0,0,1782,0.0
2013-08-10,434184.94409,0,0,1782,0.0
2013-08-11,434720.3230013,0,0,1782,0.0
2013-08-12,349539.224033,0,0,1782,0.0
2013-08-13,317103.331061,0,0,1782,0.0
2013-08-14,324377.386893,0,0,1782,0.0
2013-08-15,311043.17291,0,0,1782,0.0
2013-08-16,364487.3218839,0,0,1782,0.0
2013-08-17,448835.3109167,0,0,1782,0.0
2013-08-18,464053.7730675,0,0,1782,0.0
2013-08-19,362085.52696,0,0,1782,0.0
2013-08-20,343046.11398,0,0,1782,0.0
2013-08-21,335724.643932,0,0,1782,0.0
2013-08-22,306473.26098,0,0,1782,0.0
2013-08-23,331906.369098,0,0,1782,0.0
2013-08-24,420576.154994,0,0,1782,0.0
2013-08-25,443694.093754,0,0,1782,0.0
2013-08-26,347159.6410143,0,0,1782,0.0
2013-08-27,319688.2190185,0,0,1782,0.0
2013-08-28,319322.060993,0,0,1782,0.0
2013-08-29,294518.685943,0,0,1782,0.0
2013-08-30,354932.930947,0,0,1782,0.0
2013-08-31,523631.3811059,0,0,1782,0.0
2013-09-01,640406.221875,0,0,1782,0.0
2013-09-02,458792.960966,0,0,1782,0.0
2013-09-03,397680.420032,0,0,1782,0.0
2013-09-04,392565.48591,0,0,1782,0.0
2013-09-05,330622.779063,0,0,1782,0.0
2013-09-06,335442.247929,0,0,1782,0.0
2013-09-07,518584.247,0,0,1782,0.0
2013-09-08,560852.005091,0,0,1782,0.0
2013-09-09,377151.7070027,0,0,1782,0.0
2013-09-10,308074.4658225,0,0,1782,0.0
2013-09-11,323124.61885,0,0,1782,0.0
2013-09-12,282855.730937,0,0,1782,0.0
2013-09-13,319556.942029,0,0,1782,0.0
2013-09-14,476364.004996,0,0,1782,0.0
2013-09-15,532852.959041,0,0,1782,0.0
2013-09-16,373229.840879,0,0,1782,0.0
2013-09-17,327282.949966,0,0,1782,0.0
2013-09-18,315687.718926,0,0,1782,0.0
2013-09-19,279580.372008,0,0,1782,0.0
2013-09-20,331846.9039701,0,0,1782,0.0
2013-09-21,468298.380896,0,0,1782,0.0
2013-09-22,502068.7019007,0,0,1782,0.0
2013-09-23,356043.0340047,0,0,1782,0.0
2013-09-24,303333.392926,0,0,1782,0.0
2013-09-25,312490.104996,0,0,1782,0.0
2013-09-26,273057.8798588,0,0,1782,0.0
2013-09-27,320246.574024,0,0,1782,0.0
2013-09-28,484903.6890081,0,0,1782,0.0
2013-09-29,522868.441946,0,0,1782,0.0
2013-09-30,367068.4500143,0,0,1782,0.0
2013-10-01,436441.034076,0,0,1782,0.0
2013-10-02,414455.6550375,0,0,1782,0.0
2013-10-03,348933.24703,0,0,1782,0.0
2013-10-04,378109.978059,0,0,1782,0.0
2013-10-05,540156.625057,0,0,1782,0.0
2013-10-06,553031.424016,0,0,1782,0.0
2013-10-07,373387.109043,0,0,1782,0.0
2013-10-08,326726.7240121,0,0,1782,0.0
2013-10-09,322529.418957,0,0,1782,0.0
2013-10-10,305047.0980576,0,0,1782,0.0
2013-10-11,402913.849028,0,0,1782,0.0
2013-10-12,426379.6909939,0,0,1782,0.0
2013-10-13,481781.2559686,0,0,1782,0.0
2013-10-14,342694.7209944,0,0,1782,0.0
2013-10-15,305242.569986,0,0,1782,0.0
2013-10-16,355696.963943,0,0,1782,0.0
2013-10-17,312949.412961,0,0,1782,0.0
2013-10-18,323327.873107,0,0,1782,0.0
2013-10-19,488245.570001,0,0,1782,0.0
2013-10-20,537713.5090483,0,0,1782,0.0
2013-10-21,348721.327971,0,0,1782,0.0
2013-10-22,301641.7850828,0,0,1782,0.0
2013-10-23,323105.11598,0,0,1782,0.0
2013-10-24,276059.0800025,0,0,1782,0.0
2013-10-25,317570.4260338,0,0,1782,0.0
2013-10-26,452902.363914,0,0,1782,0.0
2013-10-27,512891.4830689,0,0,1782,0.0
2013-10-28,346941.91396,0,0,1782,0.0
2013-10-29,302332.9969864,0,0,1782,0.0
2013-10-30,319494.7050373,0,0,1782,0.0
2013-10-31,298195.433106,0,0,1782,0.0
2013-11-01,403637.232955,0,0,1782,0.0
2013-11-02,540615.555037,0,0,1782,0.0
2013-11-03,602796.556029,0,0,1782,0.0
2013-11-04,424314.167046,0,0,1782,0.0
2013-11-05,393322.182909,0,0,1782,0.0
2013-11-06,386426.9788195,0,0,1782,0.0
2013-11-07,346293.3400477,0,0,1782,0.0
2013-11-08,358473.978049,0,0,1782,0.0
2013-11-09,513850.32307,0,0,1782,0.0
2013-11-10,587666.490239,0,0,1782,0.0
2013-11-11,374087.890067,0,0,1782,0.0
2013-11-12,373277.748034,0,0,1782,0.0
2013-11-13,332279.2568851,0,0,1782,0.0
2013-11-14,284567.4029707,0,0,1782,0.0
2013-11-15,349383.296052,0,0,1782,0.0
2013-11-16,524065.5881155,0,0,1782,0.0
2013-11-17,579209.228924,0,0,1782,0.0
2013-11-18,391945.551999,0,0,1782,0.0
2013-11-19,329455.2710234,0,0,1782,0.0
2013-11-20,354337.734795,0,0,1782,0.0
2013-11-21,298047.047965,0,0,1782,0.0
2013-11-22,340734.213038,0,0,1782,0.0
2013-11-23,485544.298837,0,0,1782,0.0
2013-11-24,550925.293106,0,0,1782,0.0
2013-11-25,365965.5090102,0,0,1782,0.0
2013-11-26,323292.830024,0,0,1782,0.0
2013-11-27,337083.286026,0,0,1782,0.0
2013-11-28,305982.981947,0,0,1782,0.0
2013-11-29,357000.404165,0,0,1782,0.0
2013-11-30,541977.655801,0,0,1782,0.0
2013-12-01,698217.128989,0,0,1782,0.0
2013-12-02,495488.366984,0,0,1782,0.0
2013-12-03,424438.046973,0,0,1782,0.0
2013-12-04,424147.0459855,0,0,1782,0.0
2013-12-05,386406.804985,0,0,1782,0.0
2013-12-06,432661.755068,0,0,1782,0.0
2013-12-07,537181.319801,0,0,1782,0.0
2013-12-08,588855.895921,0,0,1782,0.0
2013-12-09,442309.3141075,0,0,1782,0.0
2013-12-10,414421.695986,0,0,1782,0.0
2013-12-11,422957.198908,0,0,1782,0.0
2013-12-12,384256.080979,0,0,1782,0.0
2013-12-13,434657.0129787,0,0,1782,0.0
2013-12-14,554911.917024,0,0,1782,0.0
2013-12-15,642015.7758165,0,0,1782,0.0
2013-12-16,516060.290853,0,0,1782,0.0
2013-12-17,480470.7168425,0,0,1782,0.0
2013-12-18,527481.336925,0,0,1782,0.0
2013-12-19,507461.038187,0,0,1782,0.0
2013-12-20,544104.2676365,0,0,1782,0.0
2013-12-21,685673.07474,0,0,1782,0.0
2013-12-22,696295.146867,0,0,1782,0.0
2013-12-23,792865.284427,0,0,1782,0.0
2013-12-24,620663.290732,0,0,1782,0.0
2013-12-26,470731.1624137,0,0,1782,0.0
2013-12-27,479314.968043,0,0,1782,0.0
2013-12-28,556952.305979,0,0,1782,0.0
2013-12-29,499719.5049237,0,0,1782,0.0
2013-12-30,635134.7358515,0,0,1782,0.0
2013-12-31,507264.6630475,0,0,1782,0.0
2014-01-01,8602.065404,0,0,1782,0.0
2014-01-02,801011.226041,0,0,1782,0.0
2014-01-03,680672.845603,0,0,1782,0.0
2014-01-04,936628.8866039,0,0,1782,0.0
2014-01-05,949618.78894,0,0,1782,0.0
2014-01-06,602268.564009,0,0,1782,0.0
2014-01-07,563450.5988595,0,0,1782,0.0
2014-01-08,636176.853478,0,0,1782,0.0
2014-01-09,496377.933414,0,0,1782,0.0
2014-01-10,543055.329066,0,0,1782,0.0
2014-01-11,787321.455619,0,0,1782,0.0
2014-01-12,844633.598917,0,0,1782,0.0
2014-01-13,555547.0150185,0,0,1782,0.0
2014-01-14,502643.104285,0,0,1782,0.0
2014-01-15,567067.469069,0,0,1782,0.0
2014-01-16,502789.214207,0,0,1782,0.0
2014-01-17,542937.915657,0,0,1782,0.0
2014-01-18,786779.8899055,0,0,1782,0.0
2014-01-19,851735.334091,0,0,1782,0.0
2014-01-20,575850.061871,0,0,1782,0.0
2014-01-21,538817.207912,0,0,1782,0.0
2014-01-22,553097.596874,0,0,1782,0.0
2014-01-23,460789.0398597,0,0,1782,0.0
2014-01-24,526124.572256,0,0,1782,0.0
2014-01-25,733880.979053,0,0,1782,0.0
2014-01-26,814057.732862,0,0,1782,0.0
2014-01-27,540798.833711,0,0,1782,0.0
2014-01-28,481593.435798,0,0,1782,0.0
2014-01-29,512853.989922,0,0,1782,0.0
2014-01-30,453642.97070330003,0,0,1782,0.0
2014-01-31,560816.192394,0,0,1782,0.0
2014-02-01,648870.19898,0,0,1782,0.0
2014-02-02,619805.537102,0,0,1782,0.0
2014-02-03,461637.5229585,0,0,1782,0.0
2014-02-04,403189.5869763,0,0,1782,0.0
2014-02-05,399138.3059075,0,0,1782,0.0
2014-02-06,359139.101529,0,0,1782,0.0
2014-02-07,389471.568011,0,0,1782,0.0
2014-02-08,530128.059914,0,0,1782,0.0
2014-02-09,520753.7470746,0,0,1782,0.0
2014-02-10,396622.737011,0,0,1782,0.0
2014-02-11,358382.7339877,0,0,1782,0.0
2014-02-12,387758.393971,0,0,1782,0.0
2014-02-13,347373.2985675,0,0,1782,0.0
2014-02-14,361206.4069057,0,0,1782,0.0
2014-02-15,538893.357859,0,0,1782,0.0
2014-02-16,595300.23508,0,0,1782,0.0
2014-02-17,412029.2879535,0,0,1782,0.0
2014-02-18,365331.247942,0,0,1782,0.0
2014-02-19,360161.6390075,0,0,1782,0.0
2014-02-20,322451.9201135,0,0,1782,0.0
2014-02-21,369403.653633,0,0,1782,0.0
2014-02-22,538206.082827,0,0,1782,0.0
2014-02-23,487896.463891,0,0,1782,0.0
2014-02-24,404224.188997,0,0,1782,0.0
2014-02-25,351418.110084,0,0,1782,0.0
2014-02-26,353604.266985,0,0,1782,0.0
2014-02-27,330330.185244,0,0,1782,0.0
2014-02-28,425624.795466,0,0,1782,0.0
2014-03-01,911360.2578707,0,0,1782,0.0
2014-03-02,667413.052988,0,0,1782,0.0
2014-03-03,613973.031386,0,0,1782,0.0
2014-03-04,748930.902096,0,0,1782,0.0
2014-03-05,741756.416525,0,0,1782,0.0
2014-03-06,614082.444339,0,0,1782,0.0
2014-03-07,598242.341178,0,0,1782,0.0
2014-03-08,753345.259201,0,0,1782,0.0
2014-03-09,916117.649984,0,0,1782,0.0
2014-03-10,587414.828974,0,0,1782,0.0
2014-03-11,539365.375063,0,0,1782,0.0
2014-03-12,575676.797032,0,0,1782,0.0
2014-03-13,473298.042544,0,0,1782,0.0
2014-03-14,530515.2554715,0,0,1782,0.0
2014-03-15,731049.789851,0,0,1782,0.0
2014-03-16,929808.492772,0,0,1782,0.0
2014-03-17,612719.522118,0,0,1782,0.0
2014-03-18,537427.86875,0,0,1782,0.0
2014-03-19,585974.657018,0,0,1782,0.0
2014-03-20,500897.112641,0,0,1782,0.0
2014-03-21,548811.469984,0,0,1782,0.0
2014-03-22,771704.933772,0,0,1782,0.0
2014-03-23,838814.636064,0,0,1782,0.0
2014-03-24,571762.044919,0,0,1782,0.0
2014-03-25,539861.6183493,0,0,1782,0.0
2014-03-26,569680.543547,0,0,1782,0.0
2014-03-27,468581.398304,0,0,1782,0.0
2014-03-28,538905.781947,0,0,1782,0.0
2014-03-29,822333.142686,0,0,1782,0.0
2014-03-30,873958.8396415,0,0,1782,0.0
2014-03-31,651800.509461,0,0,1782,0.0
2014-04-01,485079.887001,8,2,1782,0.001122334455667789
2014-04-02,463917.316107,4,2,1782,0.001122334455667789
2014-04-03,388867.961418,120,7,1782,0.003928170594837262
2014-04-04,422578.745073,5,3,1782,0.0016835016835016834
2014-04-05,617680.194045,7,5,1782,0.0028058361391694723
2014-04-06,631888.250898,7,2,1782,0.001122334455667789
2014-04-07,426091.1040178,3,2,1782,0.001122334455667789
2014-04-08,376663.272105,8,4,1782,0.002244668911335578
2014-04-09,375309.08201199997,4,2,1782,0.001122334455667789
2014-04-10,334052.7571255,119,10,1782,0.005611672278338945
2014-04-11,379646.845927,14,3,1782,0.0016835016835016834
2014-04-12,529919.922964,10,5,1782,0.0028058361391694723
2014-04-13,540190.281942,16,5,1782,0.0028058361391694723
2014-04-14,381386.309033,8,4,1782,0.002244668911335578
2014-04-15,364689.054991,45,16,1782,0.008978675645342313
2014-04-16,411357.084985,45,19,1782,0.010662177328843996
2014-04-17,397464.842904,455,37,1782,0.020763187429854096
2014-04-18,394392.184115,37,18,1782,0.010101010101010102
2014-04-19,496904.749136,36,17,1782,0.009539842873176206
2014-04-20,520126.3980386,56,19,1782,0.010662177328843996
2014-04-21,398677.396998,28,13,1782,0.007295173961840628
2014-04-22,370552.249018,49,22,1782,0.012345679012345678
2014-04-23,372232.595049,58,16,1782,0.008978675645342313
2014-04-24,320875.477858,460,41,1782,0.023007856341189674
2014-04-25,357173.708433,22,14,1782,0.007856341189674524
2014-04-26,497334.73503599997,39,15,1782,0.008417508417508417
2014-04-27,560508.420995,52,18,1782,0.010101010101010102
2014-04-28,362271.9169815,65,22,1782,0.012345679012345678
2014-04-29,326338.348031,73,25,1782,0.014029180695847363
2014-04-30,357079.964912,86,31,1782,0.01739618406285073
2014-05-01,530380.848064,547,51,1782,0.02861952861952862
2014-05-02,443284.891212,215,22,1782,0.012345679012345678
2014-05-03,610391.748971,72,27,1782,0.015151515151515152
2014-05-04,646164.863883,58,24,1782,0.013468013468013467
2014-05-05,427601.704071,67,22,1782,0.012345679012345678
2014-05-06,388945.890086,84,27,1782,0.015151515151515152
2014-05-07,391932.183945,71,24,1782,0.013468013468013467
2014-05-08,337483.713217,472,42,1782,0.02356902356902357
2014-05-09,381335.196055,218,26,1782,0.014590347923681257
2014-05-10,577012.026997,61,24,1782,0.013468013468013467
2014-05-11,454512.928937,59,22,1782,0.012345679012345678
2014-05-12,398251.889006,61,26,1782,0.014590347923681257
2014-05-13,360734.522978,65,32,1782,0.017957351290684626
2014-05-14,356373.806985,151,74,1782,0.04152637485970819
2014-05-15,332272.8296378,534,70,1782,0.03928170594837262
2014-05-16,380822.742652,1188,88,1782,0.04938271604938271
2014-05-17,537873.964019,129,52,1782,0.029180695847362513
2014-05-18,634519.7368283,139,59,1782,0.03310886644219978
2014-05-19,388814.744958,110,57,1782,0.03198653198653199
2014-05-20,354372.33997,157,66,1782,0.037037037037037035
2014-05-21,356898.483031,191,97,1782,0.05443322109988777
2014-05-22,310660.142642,1561,149,1782,0.08361391694725027
2014-05-23,349549.892726,1274,117,1782,0.06565656565656566
2014-05-24,516627.261707,220,84,1782,0.04713804713804714
2014-05-25,573412.21016,218,76,1782,0.04264870931537598
2014-05-26,373831.086112,188,72,1782,0.04040404040404041
2014-05-27,327642.143098,196,83,1782,0.04657687991021325
2014-05-28,338481.784057,192,91,1782,0.051066217732884396
2014-05-29,326624.5773325,1586,149,1782,0.08361391694725027
2014-05-30,375782.6398709,1224,114,1782,0.06397306397306397
2014-05-31,597192.467989,267,97,1782,0.05443322109988777
2014-06-01,742732.830236,123,57,1782,0.03198653198653199
2014-06-02,512725.7729758,195,81,1782,0.045454545454545456
2014-06-03,443636.187975,213,90,1782,0.050505050505050504
2014-06-04,423284.494993,236,119,1782,0.06677890011223345
2014-06-05,359474.513823,1616,165,1782,0.09259259259259259
2014-06-06,391266.125449,1264,126,1782,0.0707070707070707
2014-06-07,557142.461024,197,95,1782,0.05331088664421998
2014-06-08,626026.956957,215,93,1782,0.05218855218855219
2014-06-09,415798.946041,199,96,1782,0.05387205387205387
2014-06-10,351689.4229725,199,88,1782,0.04938271604938271
2014-06-11,373828.16418,258,124,1782,0.06958473625140292
2014-06-12,329408.06736,1979,195,1782,0.10942760942760943
2014-06-13,392308.374573,1335,166,1782,0.0931537598204265
2014-06-14,622072.988944,278,124,1782,0.06958473625140292
2014-06-15,441279.9339945,250,111,1782,0.06228956228956229
2014-06-16,447450.23987,338,133,1782,0.07463524130190796
2014-06-17,380396.036044,380,165,1782,0.09259259259259259
2014-06-18,373408.6641423,425,177,1782,0.09932659932659933
2014-06-19,332280.935096,2359,257,1782,0.1442199775533109
2014-06-20,369206.789547,1933,202,1782,0.11335578002244669
2014-06-21,538613.855166,308,145,1782,0.0813692480359147
2014-06-22,591184.1240535,360,165,1782,0.09259259259259259
2014-06-23,414929.6359765,237,108,1782,0.06060606060606061
2014-06-24,340464.7450455,266,130,1782,0.07295173961840629
2014-06-25,355342.398017,354,175,1782,0.09820426487093153
2014-06-26,315798.180924,2168,237,1782,0.132996632996633
2014-06-27,370793.573429,2732,235,1782,0.13187429854096522
2014-06-28,510870.81398,425,186,1782,0.10437710437710437
2014-06-29,567218.8850125,302,146,1782,0.0819304152637486
2014-06-30,429324.0552005,352,176,1782,0.09876543209876543
2014-07-01,720480.616788,2320,264,1782,0.14814814814814814
2014-07-02,747430.1471275,4310,295,1782,0.16554433221099887
2014-07-03,583844.7207922,2383,331,1782,0.18574635241301907
2014-07-04,595424.31324,4056,345,1782,0.1936026936026936
2014-07-05,817307.1101677,610,254,1782,0.1425364758698092
2014-07-06,918276.596259,583,237,1782,0.132996632996633
2014-07-07,638526.428909,492,214,1782,0.12008978675645342
2014-07-08,557291.4975265,2183,240,1782,0.13468013468013468
2014-07-09,574451.409963,4281,297,1782,0.16666666666666666
2014-07-10,498047.54898,2465,343,1782,0.19248035914702583
2014-07-11,535644.182793,4057,358,1782,0.20089786756453423
2014-07-12,756698.7523004999,568,248,1782,0.13916947250280584
2014-07-13,733653.779849,720,280,1782,0.15712682379349047
2014-07-14,584867.15114,617,250,1782,0.14029180695847362
2014-07-15,562860.0268329,2329,277,1782,0.15544332210998876
2014-07-16,621336.4939885,4446,302,1782,0.16947250280583614
2014-07-17,498221.7050971,2416,333,1782,0.18686868686868688
2014-07-18,547619.0590519,4275,389,1782,0.21829405162738497
2014-07-19,728988.226204,759,278,1782,0.15600448933782268
2014-07-20,776474.1180457,636,244,1782,0.13692480359147025
2014-07-21,600228.430008,592,246,1782,0.13804713804713806
2014-07-22,530276.040011,2287,289,1782,0.16217732884399552
2014-07-23,574168.635995,4459,321,1782,0.18013468013468015
2014-07-24,484618.8170115,2425,323,1782,0.18125701459034793
2014-07-25,579767.285128,4395,370,1782,0.20763187429854096
2014-07-26,688919.5500267,673,267,1782,0.14983164983164984
2014-07-27,747307.86662,605,256,1782,0.143658810325477
2014-07-28,583936.68549,557,252,1782,0.1414141414141414
2014-07-29,524743.3250017,2207,265,1782,0.14870931537598203
2014-07-30,578056.965281,4640,292,1782,0.1638608305274972
2014-07-31,532423.558194,2319,290,1782,0.1627384960718294
2014-08-01,506826.7949305,4407,332,1782,0.186307519640853
2014-08-02,626533.637869,506,194,1782,0.10886644219977554
2014-08-03,625898.205888,453,188,1782,0.10549943883277217
2014-08-04,471173.304022,402,187,1782,0.10493827160493827
2014-08-05,417197.476176,395,188,1782,0.10549943883277217
2014-08-06,402914.370941,515,240,1782,0.13468013468013468
2014-08-07,359701.53298899997,2310,279,1782,0.15656565656565657
2014-08-08,397759.9389829,4308,326,1782,0.1829405162738496
2014-08-09,496192.787084,574,227,1782,0.12738496071829405
2014-08-10,509681.7650025,612,201,1782,0.1127946127946128
2014-08-11,409544.575013,530,192,1782,0.10774410774410774
2014-08-12,353898.211991,488,192,1782,0.10774410774410774
2014-08-13,372116.544964,623,246,1782,0.13804713804713806
2014-08-14,340740.8170565,2331,280,1782,0.15712682379349047
2014-08-15,402631.8400593,4456,366,1782,0.2053872053872054
2014-08-16,533996.15517,578,235,1782,0.13187429854096522
2014-08-17,564443.173007,559,207,1782,0.11616161616161616
2014-08-18,433042.298907,514,216,1782,0.12121212121212122
2014-08-19,379329.9530773,512,215,1782,0.12065095398428732
2014-08-20,398126.790988,582,257,1782,0.1442199775533109
2014-08-21,355108.8749955,2412,290,1782,0.1627384960718294
2014-08-22,388359.8983235,4479,372,1782,0.20875420875420875
2014-08-23,499678.208204,649,248,1782,0.13916947250280584
2014-08-24,528990.5611087,680,248,1782,0.13916947250280584
2014-08-25,412250.075007,591,238,1782,0.1335578002244669
2014-08-26,355053.9079745,516,206,1782,0.11560044893378227
2014-08-27,366321.498077,623,267,1782,0.14983164983164984
2014-08-28,327912.427,2175,259,1782,0.14534231200897868
2014-08-29,403288.917062,4268,338,1782,0.18967452300785634
2014-08-30,586373.694132,437,218,1782,0.122334455667789
2014-08-31,660088.183052,455,218,1782,0.122334455667789
2014-09-01,812526.219024,633,268,1782,0.15039281705948374
2014-09-02,717351.552768,2300,312,1782,0.1750841750841751
2014-09-03,726683.8617375,4724,349,1782,0.19584736251402918
2014-09-04,551340.0774347,2657,365,1782,0.2048260381593715
2014-09-05,603043.241921,4802,418,1782,0.2345679012345679
2014-09-06,870139.4459765,959,291,1782,0.1632996632996633
2014-09-07,997964.077948,942,288,1782,0.16161616161616163
2014-09-08,648651.744928,802,253,1782,0.1419753086419753
2014-09-09,562420.568002,2511,278,1782,0.15600448933782268
2014-09-10,612987.4722337,4874,321,1782,0.18013468013468015
2014-09-11,483462.953022,2737,386,1782,0.2166105499438833
2014-09-12,564382.847851,4727,413,1782,0.23176206509539843
2014-09-13,795802.238124,1018,306,1782,0.1717171717171717
2014-09-14,896501.5622945,1020,295,1782,0.16554433221099887
2014-09-15,630710.5728885,870,259,1782,0.14534231200897868
2014-09-16,608239.973016,2647,291,1782,0.1632996632996633
2014-09-17,617472.3442115,4999,323,1782,0.18125701459034793
2014-09-18,479500.843061,2683,363,1782,0.2037037037037037
2014-09-19,550213.093909,4614,390,1782,0.21885521885521886
2014-09-20,808490.763077,898,263,1782,0.14758698092031425
2014-09-21,901420.451004,975,280,1782,0.15712682379349047
2014-09-22,589120.293928,798,243,1782,0.13636363636363635
2014-09-23,559954.304399,2593,289,1782,0.16217732884399552
2014-09-24,598183.114508,4837,309,1782,0.1734006734006734
2014-09-25,466867.377076,2489,349,1782,0.19584736251402918
2014-09-26,515474.223943,4319,370,1782,0.20763187429854096
2014-09-27,781202.367982,632,260,1782,0.14590347923681257
2014-09-28,886531.789814,739,277,1782,0.15544332210998876
2014-09-29,586682.822002,582,261,1782,0.14646464646464646
2014-09-30,599093.9157257,2278,276,1782,0.15488215488215487
2014-10-01,784500.253914,4804,340,1782,0.19079685746352412
2014-10-02,634306.519052,2616,389,1782,0.21829405162738497
2014-10-03,675639.295098,4482,399,1782,0.2239057239057239
2014-10-04,931317.51302,735,311,1782,0.1745230078563412
2014-10-05,985466.962071,658,310,1782,0.1739618406285073
2014-10-06,641480.757266,606,286,1782,0.16049382716049382
2014-10-07,586410.2709706,2353,319,1782,0.17901234567901234
2014-10-08,620201.323059,4784,354,1782,0.19865319865319866
2014-10-09,510519.923104,2450,381,1782,0.2138047138047138
2014-10-10,702470.317955,4569,413,1782,0.23176206509539843
2014-10-11,748309.153739,564,252,1782,0.1414141414141414
2014-10-12,843971.132714,648,274,1782,0.1537598204264871
2014-10-13,611726.926015,565,255,1782,0.14309764309764308
2014-10-14,550589.573294,2357,312,1782,0.1750841750841751
2014-10-15,624797.469491,4945,385,1782,0.21604938271604937
2014-10-16,538252.607117,2557,387,1782,0.21717171717171718
2014-10-17,558538.135999,4551,453,1782,0.2542087542087542
2014-10-18,820840.970792,769,318,1782,0.17845117845117844
2014-10-19,935410.595877,769,337,1782,0.18911335578002245
2014-10-20,624629.990941,609,295,1782,0.16554433221099887
2014-10-21,542207.165266,2086,279,1782,0.15656565656565657
2014-10-22,584926.355993,4755,345,1782,0.1936026936026936
2014-10-23,492233.2322,2526,387,1782,0.21717171717171718
2014-10-24,528403.680064,4477,439,1782,0.24635241301907967
2014-10-25,758926.230707,1003,360,1782,0.20202020202020202
2014-10-26,892128.498949,1020,352,1782,0.19753086419753085
2014-10-27,572806.6319285,583,270,1782,0.15151515151515152
2014-10-28,512678.811505,2327,305,1782,0.17115600448933782
2014-10-29,560819.6780005,4953,391,1782,0.21941638608305275
2014-10-30,459715.26616,2357,339,1782,0.19023569023569023
2014-10-31,561876.0719155,4421,387,1782,0.21717171717171718
2014-11-01,873539.2478855,975,328,1782,0.1840628507295174
2014-11-02,709851.4922288,944,312,1782,0.1750841750841751
2014-11-03,973192.041735,690,262,1782,0.14702581369248036
2014-11-04,702751.953595,2373,275,1782,0.15432098765432098
2014-11-05,718799.9390395,4858,329,1782,0.18462401795735128
2014-11-06,566118.381055,2519,298,1782,0.16722783389450055
2014-11-07,585330.25773,4392,334,1782,0.18742985409652077
2014-11-08,816064.644983,861,248,1782,0.13916947250280584
2014-11-09,941478.422301,956,276,1782,0.15488215488215487
2014-11-10,593376.793073,540,211,1782,0.11840628507295174
2014-11-11,552505.750307,2362,234,1782,0.13131313131313133
2014-11-12,588093.484021,4810,257,1782,0.1442199775533109
2014-11-13,468057.386823,2503,310,1782,0.1739618406285073
2014-11-14,553007.970965,4434,322,1782,0.18069584736251404
2014-11-15,786124.201177,1184,335,1782,0.18799102132435466
2014-11-16,956619.401927,1058,304,1782,0.17059483726150393
2014-11-17,620876.340058,754,263,1782,0.14758698092031425
2014-11-18,553367.204141,2663,327,1782,0.1835016835016835
2014-11-19,580234.0113007,5147,358,1782,0.20089786756453423
2014-11-20,511855.7610447,2824,401,1782,0.2250280583613917
2014-11-21,567978.732759,4573,348,1782,0.19528619528619529
2014-11-22,763720.148593,868,284,1782,0.15937149270482603
2014-11-23,907432.656994,973,298,1782,0.16722783389450055
2014-11-24,610847.95702,710,273,1782,0.1531986531986532
2014-11-25,541225.608011,2544,308,1782,0.1728395061728395
2014-11-26,579125.306002,5021,350,1782,0.19640852974186307
2014-11-27,475823.897052,2774,402,1782,0.2255892255892256
2014-11-28,559619.825094,4654,392,1782,0.21997755331088664
2014-11-29,850925.105136,994,332,1782,0.186307519640853
2014-11-30,1023691.281592,1076,338,1782,0.18967452300785634
2014-12-01,817413.561974,1423,371,1782,0.20819304152637486
2014-12-02,735319.1840285,3045,395,1782,0.22166105499438832
2014-12-03,715127.614539,5359,411,1782,0.23063973063973064
2014-12-04,578961.517004,3216,470,1782,0.26374859708193044
2014-12-05,635445.153317,4849,429,1782,0.24074074074074073
2014-12-06,829386.70612,1151,366,1782,0.2053872053872054
2014-12-07,1013889.8074,1165,355,1782,0.19921436588103256
2014-12-08,790283.289992,922,311,1782,0.1745230078563412
2014-12-09,665123.962957,2992,396,1782,0.2222222222222222
2014-12-10,732121.033873,5562,440,1782,0.24691358024691357
2014-12-11,580542.178879,3159,428,1782,0.24017957351290684
2014-12-12,642760.387245,4853,446,1782,0.250280583613917
2014-12-13,854830.905829,1261,362,1782,0.2031425364758698
2014-12-14,999106.1325775,1410,380,1782,0.2132435465768799
2014-12-15,790182.945791,1025,350,1782,0.19640852974186307
2014-12-16,799067.056179,2973,397,1782,0.22278338945005613
2014-12-17,779966.499188,5290,392,1782,0.21997755331088664
2014-12-18,731938.479893,3179,432,1782,0.24242424242424243
2014-12-19,757349.3758178999,4940,463,1782,0.25982042648709314
2014-12-20,935555.52434,1534,413,1782,0.23176206509539843
2014-12-21,1056605.2012285,1579,418,1782,0.2345679012345679
2014-12-22,1008143.3460193,1582,403,1782,0.22615039281705948
2014-12-23,1064977.9730725,3365,425,1782,0.23849607182940516
2014-12-24,965982.871715,5828,427,1782,0.23961840628507294
2014-12-26,872098.456795,5714,524,1782,0.2940516273849607
2014-12-27,740596.158932,1747,433,1782,0.24298540965207632
2014-12-28,716329.635071,1859,425,1782,0.23849607182940516
2014-12-29,773998.401175,1783,431,1782,0.24186307519640854
2014-12-30,912970.533204,3494,436,1782,0.244668911335578
2014-12-31,844380.469674,5648,421,1782,0.2362514029180696
2015-01-01,12773.61698,12,5,1782,0.0028058361391694723
2015-01-02,657763.391981,4949,438,1782,0.24579124579124578
2015-01-03,648880.686926,1306,367,1782,0.2059483726150393
2015-01-04,730923.776022,1295,371,1782,0.20819304152637486
2015-01-05,569267.29796,1148,345,1782,0.1936026936026936
2015-01-06,477886.741053,1042,330,1782,0.18518518518518517
2015-01-07,494160.850117,1291,394,1782,0.22109988776655443
2015-01-08,417482.689131,3063,423,1782,0.23737373737373738
2015-01-09,439381.226073,4761,445,1782,0.24971941638608305
2015-01-10,569956.90801,954,354,1782,0.19865319865319866
2015-01-11,694860.9511,1058,359,1782,0.20145903479236812
2015-01-12,442845.544014,1043,356,1782,0.19977553310886645
2015-01-13,393799.993059,1213,377,1782,0.21156004489337824
2015-01-14,400923.97107,1586,470,1782,0.26374859708193044
2015-01-15,371146.144942,2608,365,1782,0.2048260381593715
2015-01-16,423599.9357975,4510,384,1782,0.21548821548821548
2015-01-17,621865.434007,712,289,1782,0.16217732884399552
2015-01-18,678277.030991,577,263,1782,0.14758698092031425
2015-01-19,448217.896919,588,268,1782,0.15039281705948374
2015-01-20,405308.77722,569,266,1782,0.14927048260381592
2015-01-21,413202.592067,697,317,1782,0.17789001122334455
2015-01-22,364862.5390355,2598,359,1782,0.20145903479236812
2015-01-23,416937.181925,4475,366,1782,0.2053872053872054
2015-01-24,588849.871003,632,282,1782,0.15824915824915825
2015-01-25,631623.951015,616,281,1782,0.15768799102132436
2015-01-26,410009.617966,540,259,1782,0.14534231200897868
2015-01-27,360009.850046,560,259,1782,0.14534231200897868
2015-01-28,376935.916035,639,304,1782,0.17059483726150393
2015-01-29,343062.160973,2696,367,1782,0.2059483726150393
2015-01-30,435899.6719165,4647,387,1782,0.21717171717171718
2015-01-31,656205.841844,763,286,1782,0.16049382716049382
2015-02-01,815294.475951,727,284,1782,0.15937149270482603
2015-02-02,538301.886974,653,260,1782,0.14590347923681257
2015-02-03,475249.842928,583,255,1782,0.14309764309764308
2015-02-04,451923.147059,687,309,1782,0.1734006734006734
2015-02-05,407491.967944,2640,354,1782,0.19865319865319866
2015-02-06,437147.54517,4645,392,1782,0.21997755331088664
2015-02-07,599911.594879,721,287,1782,0.1610549943883277
2015-02-08,622994.231951,690,282,1782,0.15824915824915825
2015-02-09,458002.152043,722,274,1782,0.1537598204264871
2015-02-10,400825.9849177,694,274,1782,0.1537598204264871
2015-02-11,400115.3330245,766,319,1782,0.17901234567901234
2015-02-12,384963.142969,2613,363,1782,0.2037037037037037
2015-02-13,493265.468013,4536,371,1782,0.20819304152637486
2015-02-14,562855.068099,697,277,1782,0.15544332210998876
2015-02-15,434886.671834,576,249,1782,0.13973063973063973
2015-02-16,420740.903983,574,243,1782,0.13636363636363635
2015-02-17,483088.13409300003,609,264,1782,0.14814814814814814
2015-02-18,497499.057967,670,308,1782,0.1728395061728395
2015-02-19,436360.905914,2616,323,1782,0.18125701459034793
2015-02-20,483681.015026,4387,339,1782,0.19023569023569023
2015-02-21,572753.075038,443,197,1782,0.11054994388327721
2015-02-22,691339.067796,573,225,1782,0.12626262626262627
2015-02-23,443349.890841,425,189,1782,0.10606060606060606
2015-02-24,407890.277971,411,202,1782,0.11335578002244669
2015-02-25,395774.954032,476,238,1782,0.1335578002244669
2015-02-26,354938.226975,2631,307,1782,0.1722783389450056
2015-02-27,436488.424914,4475,343,1782,0.19248035914702583
2015-02-28,635263.400075,504,198,1782,0.1111111111111111
2015-03-01,820434.978924,617,219,1782,0.12289562289562289
2015-03-02,546037.787999,464,200,1782,0.1122334455667789
2015-03-03,492365.24083,571,236,1782,0.1324354657687991
2015-03-04,483330.548167,608,259,1782,0.14534231200897868
2015-03-05,428599.809059,2679,301,1782,0.16891133557800225
2015-03-06,463723.974873,4451,316,1782,0.17732884399551066
2015-03-07,657377.210913,660,229,1782,0.12850729517396184
2015-03-08,659563.411966,538,204,1782,0.11447811447811448
2015-03-09,480371.950086,557,219,1782,0.12289562289562289
2015-03-10,457881.7640763,567,215,1782,0.12065095398428732
2015-03-11,425617.727075,572,244,1782,0.13692480359147025
2015-03-12,382588.6690535,2664,319,1782,0.17901234567901234
2015-03-13,434805.995204,4501,327,1782,0.1835016835016835
2015-03-14,616609.760896,649,244,1782,0.13692480359147025
2015-03-15,662700.871933,636,226,1782,0.12682379349046016
2015-03-16,466598.425914,597,234,1782,0.13131313131313133
2015-03-17,415359.51603,581,223,1782,0.1251402918069585
2015-03-18,398629.999994,600,253,1782,0.1419753086419753
2015-03-19,373324.3829895,2698,308,1782,0.1728395061728395
2015-03-20,467687.945081,4477,326,1782,0.1829405162738496
2015-03-21,624099.228222,597,205,1782,0.11503928170594838
2015-03-22,646466.401887,666,224,1782,0.12570145903479238
2015-03-23,462664.2370045,543,221,1782,0.12401795735129069
2015-03-24,407369.722015,445,197,1782,0.11054994388327721
2015-03-25,408258.189916,579,242,1782,0.13580246913580246
2015-03-26,367006.957001,2769,323,1782,0.18125701459034793
2015-03-27,436906.608975,4596,357,1782,0.20033670033670034
2015-03-28,589854.7040575,587,239,1782,0.13411896745230079
2015-03-29,641213.770163,669,255,1782,0.14309764309764308
2015-03-30,437878.834978,632,236,1782,0.1324354657687991
2015-03-31,443278.893073,590,257,1782,0.1442199775533109
2015-04-01,557223.161038,777,288,1782,0.16161616161616163
2015-04-02,524588.902022,2854,381,1782,0.2138047138047138
2015-04-03,510296.785948,4598,382,1782,0.2143658810325477
2015-04-04,653894.195903,712,258,1782,0.1447811447811448
2015-04-05,659669.577136,707,255,1782,0.14309764309764308
2015-04-06,519734.816963,578,231,1782,0.12962962962962962
2015-04-07,464788.21798,631,259,1782,0.14534231200897868
2015-04-08,461140.213006,753,309,1782,0.1734006734006734
2015-04-09,398718.315935,2883,361,1782,0.2025813692480359
2015-04-10,445869.298012,4725,391,1782,0.21941638608305275
2015-04-11,610603.017074,736,273,1782,0.1531986531986532
2015-04-12,659939.024086,715,265,1782,0.14870931537598203
2015-04-13,453724.756048,643,254,1782,0.1425364758698092
2015-04-14,403623.396979,666,256,1782,0.143658810325477
2015-04-15,438106.287965,739,287,1782,0.1610549943883277
2015-04-16,418643.193957,3374,448,1782,0.25140291806958476
2015-04-17,456303.236748,5102,430,1782,0.24130190796857465
2015-04-18,629155.66071,1195,358,1782,0.20089786756453423
2015-04-19,684544.950159,1249,361,1782,0.2025813692480359
2015-04-20,481694.770966,1146,359,1782,0.20145903479236812
2015-04-21,426018.313035,1090,347,1782,0.1947250280583614
2015-04-22,421108.210059,1250,388,1782,0.21773288439955107
2015-04-23,392147.04200200003,3300,454,1782,0.2547699214365881
2015-04-24,437625.507963,5216,437,1782,0.2452300785634119
2015-04-25,588781.512939,1185,359,1782,0.20145903479236812
2015-04-26,625901.000988,1169,355,1782,0.19921436588103256
2015-04-27,425049.148087,1046,336,1782,0.18855218855218855
2015-04-28,374839.1850745,1057,349,1782,0.19584736251402918
2015-04-29,398724.330055,1012,371,1782,0.20819304152637486
2015-04-30,432612.141938,3267,439,1782,0.24635241301907967
2015-05-01,674509.400095,5555,469,1782,0.26318742985409654
2015-05-02,711052.273896,1343,389,1782,0.21829405162738497
2015-05-03,742887.785029,1381,407,1782,0.22839506172839505
2015-05-04,556245.147953,1282,414,1782,0.23232323232323232
2015-05-05,509493.227021,1240,405,1782,0.22727272727272727
2015-05-06,504999.550962,1340,448,1782,0.25140291806958476
2015-05-07,444082.309939,3372,498,1782,0.27946127946127947
2015-05-08,481304.22297,5130,453,1782,0.2542087542087542
2015-05-09,706705.440076,1156,377,1782,0.21156004489337824
2015-05-10,558062.273048,1024,349,1782,0.19584736251402918
2015-05-11,524864.051063,1055,371,1782,0.20819304152637486
2015-05-12,452162.874045,1014,353,1782,0.19809203142536475
2015-05-13,446915.639008,1172,410,1782,0.23007856341189675
2015-05-14,395609.666087,3153,445,1782,0.24971941638608305
2015-05-15,483535.538107,5076,459,1782,0.25757575757575757
2015-05-16,709798.552994,1196,405,1782,0.22727272727272727
2015-05-17,798186.132143,1060,375,1782,0.21043771043771045
2015-05-18,496595.01098,968,376,1782,0.21099887766554434
2015-05-19,446375.4880335,999,388,1782,0.21773288439955107
2015-05-20,466238.630977,1232,442,1782,0.24803591470258138
2015-05-21,417006.136035,3115,455,1782,0.255331088664422
2015-05-22,458727.917031,4923,447,1782,0.25084175084175087
2015-05-23,658882.9229615,970,371,1782,0.20819304152637486
2015-05-24,738068.426823,1012,360,1782,0.20202020202020202
2015-05-25,534802.790004,941,366,1782,0.2053872053872054
2015-05-26,463132.406006,887,368,1782,0.20650953984287318
2015-05-27,481804.96096,1007,406,1782,0.22783389450056116
2015-05-28,428506.881011,3183,471,1782,0.26430976430976433
2015-05-29,560519.530038,5079,460,1782,0.25813692480359146
2015-05-30,855728.291973,992,379,1782,0.21268237934904602
2015-05-31,1023564.76704,1025,384,1782,0.21548821548821548
2015-06-01,812081.2027655,1388,436,1782,0.244668911335578
2015-06-02,753430.6418917,3643,473,1782,0.2654320987654321
2015-06-03,747929.452075,5581,454,1782,0.2547699214365881
2015-06-04,608994.6461083,3401,510,1782,0.28619528619528617
2015-06-05,657675.126037,5144,494,1782,0.2772166105499439
2015-06-06,904437.271141,1066,390,1782,0.21885521885521886
2015-06-07,1070695.9178497,1068,381,1782,0.2138047138047138
2015-06-08,696952.81204,949,382,1782,0.2143658810325477
2015-06-09,623725.1071692,3216,385,1782,0.21604938271604937
2015-06-10,641435.3719983,5373,431,1782,0.24186307519640854
2015-06-11,510019.1489275,1369,388,1782,0.21773288439955107
2015-06-12,606616.000975,6500,526,1782,0.2951739618406285
2015-06-13,840727.775905,1564,448,1782,0.25140291806958476
2015-06-14,967745.7218685,2239,409,1782,0.22951739618406286
2015-06-15,666557.1317587,1495,436,1782,0.244668911335578
2015-06-16,672637.824072,3629,513,1782,0.2878787878787879
2015-06-17,677171.157112,8606,566,1782,0.3176206509539843
2015-06-18,556155.0391433,1775,507,1782,0.2845117845117845
2015-06-19,659233.5706609,6748,563,1782,0.3159371492704826
2015-06-20,936951.654373,1586,497,1782,0.2789001122334456
2015-06-21,790568.421132,2389,477,1782,0.2676767676767677
2015-06-22,701208.22895,1617,458,1782,0.2570145903479237
2015-06-23,640322.326029,3756,517,1782,0.29012345679012347
2015-06-24,643411.714061,9265,630,1782,0.35353535353535354
2015-06-25,518700.9558973,1154,342,1782,0.1919191919191919
2015-06-26,593299.460788,6213,463,1782,0.25982042648709314
2015-06-27,831492.4641955,1166,385,1782,0.21604938271604937
2015-06-28,976563.5890657,1994,375,1782,0.21043771043771045
2015-06-29,639072.192193,1006,328,1782,0.1840628507295174
2015-06-30,669548.425059,2927,341,1782,0.19135802469135801
2015-07-01,885953.200992,8448,406,1782,0.22783389450056116
2015-07-02,705642.2820965,1306,308,1782,0.1728395061728395
2015-07-03,772773.3939200001,6484,447,1782,0.25084175084175087
2015-07-04,1018541.84294,1252,329,1782,0.18462401795735128
2015-07-05,982427.6819,2065,333,1782,0.18686868686868688
2015-07-06,754949.70914,1033,296,1782,0.16610549943883277
2015-07-07,654821.0515315,2971,304,1782,0.17059483726150393
2015-07-08,732992.130029,8236,397,1782,0.22278338945005613
2015-07-09,605032.4963965,1214,306,1782,0.1717171717171717
2015-07-10,643986.381178,6406,461,1782,0.25869809203142535
2015-07-11,794984.703157,1137,318,1782,0.17845117845117844
2015-07-12,898731.936734,1942,300,1782,0.16835016835016836
2015-07-13,647967.077874,1009,263,1782,0.14758698092031425
2015-07-14,601452.258023,2851,293,1782,0.1644219977553311
2015-07-15,664505.100179,8255,380,1782,0.2132435465768799
2015-07-16,584042.727022,1225,330,1782,0.18518518518518517
2015-07-17,653452.17114,6503,497,1782,0.2789001122334456
2015-07-18,826353.336031,1126,353,1782,0.19809203142536475
2015-07-19,894707.299378,1938,314,1782,0.17620650953984288
2015-07-20,685961.243972,1357,300,1782,0.16835016835016836
2015-07-21,607836.498977,3157,302,1782,0.16947250280583614
2015-07-22,631385.408886,8415,384,1782,0.21548821548821548
2015-07-23,541511.421067,1482,314,1782,0.17620650953984288
2015-07-24,635244.2449785,6714,460,1782,0.25813692480359146
2015-07-25,797427.520942,1529,332,1782,0.186307519640853
2015-07-26,875032.0362592,2383,326,1782,0.1829405162738496
2015-07-27,652999.1942961001,1466,318,1782,0.17845117845117844
2015-07-28,594977.6665523,3408,319,1782,0.17901234567901234
2015-07-29,625449.98155,8747,424,1782,0.23793490460157127
2015-07-30,543393.592625,1662,336,1782,0.18855218855218855
2015-07-31,695083.4489723,7021,473,1782,0.2654320987654321
2015-08-01,1044894.790061,1448,362,1782,0.2031425364758698
2015-08-02,1043495.475018,2194,337,1782,0.18911335578002245
2015-08-03,811119.83411,1405,354,1782,0.19865319865319866
2015-08-04,726613.35811,3489,377,1782,0.21156004489337824
2015-08-05,724346.594,8919,458,1782,0.2570145903479237
2015-08-06,583375.211759,1529,398,1782,0.22334455667789002
2015-08-07,663326.5180703,6744,515,1782,0.2890011223344557
2015-08-08,784099.215997,1436,405,1782,0.22727272727272727
2015-08-09,679410.125135,2287,372,1782,0.20875420875420875
2015-08-10,785477.934216,1389,367,1782,0.2059483726150393
2015-08-11,668280.357956,3358,380,1782,0.2132435465768799
2015-08-12,678064.7316857,7917,463,1782,0.25982042648709314
2015-08-13,557859.477954,1482,359,1782,0.20145903479236812
2015-08-14,734484.205049,6748,506,1782,0.2839506172839506
2015-08-15,936339.026059,1434,393,1782,0.22053872053872053
2015-08-16,913846.62503,2166,359,1782,0.20145903479236812
2015-08-17,694747.161863,1393,367,1782,0.2059483726150393
2015-08-18,629475.6430527,3316,364,1782,0.20426487093153758
2015-08-19,653733.3600063,7781,454,1782,0.2547699214365881
2015-08-20,569443.704073,1511,392,1782,0.21997755331088664
2015-08-21,653281.208151,7086,521,1782,0.29236812570145904
2015-08-22,803270.157597,1653,419,1782,0.2351290684624018
2015-08-23,865755.397429,2412,383,1782,0.2149270482603816
2015-08-24,681575.9899773,1491,375,1782,0.21043771043771045
2015-08-25,624698.33755,3525,401,1782,0.2250280583613917
2015-08-26,640075.9908365,8142,469,1782,0.26318742985409654
2015-08-27,548043.327354,1462,356,1782,0.19977553310886645
2015-08-28,635737.2322,6846,500,1782,0.28058361391694725
2015-08-29,876953.096934,1484,388,1782,0.21773288439955107
2015-08-30,975697.601858,2310,357,1782,0.20033670033670034
2015-08-31,776152.5521897,1257,349,1782,0.19584736251402918
2015-09-01,906549.992952,3595,364,1782,0.20426487093153758
2015-09-02,879033.0925,8161,438,1782,0.24579124579124578
2015-09-03,707093.042,2241,428,1782,0.24017957351290684
2015-09-04,736395.302632,7802,600,1782,0.3367003367003367
2015-09-05,1052868.394291,2570,462,1782,0.25925925925925924
2015-09-06,1147642.583011,3486,433,1782,0.24298540965207632
2015-09-07,767382.7769737,2391,435,1782,0.2441077441077441
2015-09-08,677312.236066,4385,433,1782,0.24298540965207632
2015-09-09,705633.4998935,8964,532,1782,0.29854096520763185
2015-09-10,577743.795026,2597,448,1782,0.25140291806958476
2015-09-11,651330.167952,7873,603,1782,0.3383838383838384
2015-09-12,921524.436013,2572,465,1782,0.2609427609427609
2015-09-13,1023345.318906,3511,429,1782,0.24074074074074073
2015-09-14,688405.190061,2433,520,1782,0.29180695847362514
2015-09-15,682134.3540295,4657,539,1782,0.30246913580246915
2015-09-16,742089.667998,9156,611,1782,0.34287317620650953
2015-09-17,593577.802125,2563,540,1782,0.30303030303030304
2015-09-18,653805.874946,7943,655,1782,0.3675645342312009
2015-09-19,935893.481059,2727,543,1782,0.3047138047138047
2015-09-20,1037532.860693,3551,498,1782,0.27946127946127947
2015-09-21,717725.376959,2517,478,1782,0.26823793490460157
2015-09-22,641914.7389995,4480,511,1782,0.2867564534231201
2015-09-23,690419.721922,9189,591,1782,0.33164983164983164
2015-09-24,557321.610921,2352,516,1782,0.2895622895622896
2015-09-25,646083.8750635,7739,614,1782,0.3445566778900112
2015-09-26,890486.060145,2486,494,1782,0.2772166105499439
2015-09-27,1018062.963565,3382,469,1782,0.26318742985409654
2015-09-28,671261.0640092,2245,399,1782,0.2239057239057239
2015-09-29,609130.6581453,4278,426,1782,0.23905723905723905
2015-09-30,711182.539054,9027,479,1782,0.26879910213243546
2015-10-01,796340.858947,2231,397,1782,0.22278338945005613
2015-10-02,830719.387744,7801,589,1782,0.33052749719416386
2015-10-03,1179376.177625,2220,409,1782,0.22951739618406286
2015-10-04,1234130.938595,3011,397,1782,0.22278338945005613
2015-10-05,809524.837996,1990,381,1782,0.2138047138047138
2015-10-06,696169.275967,3989,384,1782,0.21548821548821548
2015-10-07,720562.330573,8798,433,1782,0.24298540965207632
2015-10-08,603066.030064,2042,384,1782,0.21548821548821548
2015-10-09,873934.7190479999,7815,579,1782,0.32491582491582494
2015-10-10,867556.973019,1969,403,1782,0.22615039281705948
2015-10-11,973329.203973,2852,385,1782,0.21604938271604937
2015-10-12,721634.5721813,1864,369,1782,0.20707070707070707
2015-10-13,585141.5538577,3899,355,1782,0.19921436588103256
2015-10-14,688198.106351,8778,418,1782,0.2345679012345679
2015-10-15,577952.197162,1289,313,1782,0.17564534231200898
2015-10-16,693829.351874,6959,556,1782,0.31200897867564537
2015-10-17,958052.958031,1355,360,1782,0.20202020202020202
2015-10-18,1071477.102879,2212,344,1782,0.19304152637485972
2015-10-19,699259.488037,1166,310,1782,0.1739618406285073
2015-10-20,660308.361186,3039,276,1782,0.15488215488215487
2015-10-21,672847.3460333,7950,354,1782,0.19865319865319866
2015-10-22,547020.0469813,1019,269,1782,0.15095398428731763
2015-10-23,639040.6062,6519,499,1782,0.28002244668911336
2015-10-24,859950.710621,915,266,1782,0.14927048260381592
2015-10-25,1018783.141953,1822,254,1782,0.1425364758698092
2015-10-26,649914.352338,842,238,1782,0.1335578002244669
2015-10-27,587066.101075,2944,246,1782,0.13804713804713806
2015-10-28,599388.1222552,7811,320,1782,0.17957351290684623
2015-10-29,511860.0689186,1392,245,1782,0.13748597081930417
2015-10-30,635875.8911987,7060,494,1782,0.2772166105499439
2015-10-31,915956.851878,1667,288,1782,0.16161616161616163
2015-11-01,819250.388037,2621,293,1782,0.1644219977553311
2015-11-02,762549.794932,1715,262,1782,0.14702581369248036
2015-11-03,1033439.132986,3898,297,1782,0.16666666666666666
2015-11-04,855494.43996,9041,370,1782,0.20763187429854096
2015-11-05,649662.670907,1872,290,1782,0.1627384960718294
2015-11-06,671145.788057,7448,473,1782,0.2654320987654321
2015-11-07,929723.344157,1881,300,1782,0.16835016835016836
2015-11-08,1077361.9559685,2868,274,1782,0.1537598204264871
2015-11-09,683644.901987,1707,260,1782,0.14590347923681257
2015-11-10,623529.1790699,3788,283,1782,0.15881032547699214
2015-11-11,689746.212316,8741,340,1782,0.19079685746352412
2015-11-12,506937.6640027,1777,266,1782,0.14927048260381592
2015-11-13,626674.025055,7175,471,1782,0.26430976430976433
2015-11-14,867597.332909,2300,350,1782,0.19640852974186307
2015-11-15,1056159.462651,3508,369,1782,0.20707070707070707
2015-11-16,716508.7092175,2524,372,1782,0.20875420875420875
2015-11-17,618919.988059,4525,390,1782,0.21885521885521886
2015-11-18,683954.18795,9935,438,1782,0.24579124579124578
2015-11-19,560452.567301,2888,425,1782,0.23849607182940516
2015-11-20,665619.668251,8109,556,1782,0.31200897867564537
2015-11-21,863726.8816559,2473,376,1782,0.21099887766554434
2015-11-22,1015844.2849005,3537,398,1782,0.22334455667789002
2015-11-23,696685.460932,2307,335,1782,0.18799102132435466
2015-11-24,612710.200935,4508,376,1782,0.21099887766554434
2015-11-25,658917.83013,9548,430,1782,0.24130190796857465
2015-11-26,530358.330027,2134,342,1782,0.1919191919191919
2015-11-27,645087.0350447,7812,551,1782,0.30920314253647585
2015-11-28,850596.003884,2432,371,1782,0.20819304152637486
2015-11-29,1070619.802932,3235,331,1782,0.18574635241301907
2015-11-30,762036.1239965,2190,311,1782,0.1745230078563412
2015-12-01,857620.9426407,5121,461,1782,0.25869809203142535
2015-12-02,867269.57584,10113,496,1782,0.2783389450056117
2015-12-03,676883.031992,2513,393,1782,0.22053872053872053
2015-12-04,749354.1319635,8073,561,1782,0.3148148148148148
2015-12-05,966202.367876,2404,380,1782,0.2132435465768799
2015-12-06,1143119.31945,3188,370,1782,0.20763187429854096
2015-12-07,822334.708983,2031,337,1782,0.18911335578002245
2015-12-08,712569.16983,4241,360,1782,0.20202020202020202
2015-12-09,747893.782087,9603,457,1782,0.2564534231200898
2015-12-10,657427.1785246,2013,368,1782,0.20650953984287318
2015-12-11,708392.807819,7574,530,1782,0.29741863075196406
2015-12-12,915667.884291,2179,389,1782,0.21829405162738497
2015-12-13,1059425.4213405,2924,364,1782,0.20426487093153758
2015-12-14,811613.7221567,1672,310,1782,0.1739618406285073
2015-12-15,779809.953397,5965,392,1782,0.21997755331088664
2015-12-16,859930.249129,11274,496,1782,0.2783389450056117
2015-12-17,809809.748717,2120,363,1782,0.2037037037037037
2015-12-18,893569.902701,7493,517,1782,0.29012345679012347
2015-12-19,1095523.5178683,2231,379,1782,0.21268237934904602
2015-12-20,1175416.9636673,3037,402,1782,0.2255892255892256
2015-12-21,1072887.476889,1811,348,1782,0.19528619528619529
2015-12-22,1141861.90926,4122,382,1782,0.2143658810325477
2015-12-23,1196146.056374,9276,436,1782,0.244668911335578
2015-12-24,1083680.315238,1838,379,1782,0.21268237934904602
2015-12-26,946725.190766,1725,338,1782,0.18967452300785634
2015-12-27,837714.129168,2582,374,1782,0.20987654320987653
2015-12-28,789684.9127821,1316,296,1782,0.16610549943883277
2015-12-29,870762.025758,3848,366,1782,0.2053872053872054
2015-12-30,1030043.735764,9068,408,1782,0.22895622895622897
2015-12-31,964641.5415009999,1638,293,1782,0.1644219977553311
2016-01-01,16433.394,159,10,1782,0.005611672278338945
2016-01-02,1066677.424862,1832,382,1782,0.2143658810325477
2016-01-03,1226735.719895,2936,411,1782,0.23063973063973064
2016-01-04,955956.875097,1741,349,1782,0.19584736251402918
2016-01-05,835320.439089,3950,376,1782,0.21099887766554434
2016-01-06,821685.655923,8959,443,1782,0.24859708193041527
2016-01-07,653504.3669428,1998,388,1782,0.21773288439955107
2016-01-08,713608.3341557,7235,521,1782,0.29236812570145904
2016-01-09,989209.458148,1793,389,1782,0.21829405162738497
2016-01-10,1094693.83696,2700,382,1782,0.2143658810325477
2016-01-11,705495.240963,1467,309,1782,0.1734006734006734
2016-01-12,647058.461085,3683,371,1782,0.20819304152637486
2016-01-13,660045.317135,8823,438,1782,0.24579124579124578
2016-01-14,561972.62307,1917,374,1782,0.20987654320987653
2016-01-15,671027.100027,7696,561,1782,0.3148148148148148
2016-01-16,959827.146436,2282,436,1782,0.244668911335578
2016-01-17,1057997.343303,3141,432,1782,0.24242424242424243
2016-01-18,709784.229951,2201,401,1782,0.2250280583613917
2016-01-19,630929.75099,4738,491,1782,0.2755331088664422
2016-01-20,738744.013045,10589,587,1782,0.32940516273849607
2016-01-21,552820.7690359,940,224,1782,0.12570145903479238
2016-01-22,648431.428037,6542,459,1782,0.25757575757575757
2016-01-23,906754.833923,924,243,1782,0.13636363636363635
2016-01-24,980927.7570135,1964,279,1782,0.15656565656565657
2016-01-25,658090.687097,782,201,1782,0.1127946127946128
2016-01-26,609465.787904,3075,262,1782,0.14702581369248036
2016-01-27,647254.67807,8217,332,1782,0.186307519640853
2016-01-28,533709.8489592,2483,240,1782,0.13468013468013468
2016-01-29,660492.758086,8261,473,1782,0.2654320987654321
2016-01-30,969938.376831,2791,287,1782,0.1610549943883277
2016-01-31,1093211.2294,3759,291,1782,0.1632996632996633
2016-02-01,872063.3148838,2805,279,1782,0.15656565656565657
2016-02-02,765233.207779,4924,276,1782,0.15488215488215487
2016-02-03,772360.939004,9935,358,1782,0.20089786756453423
2016-02-04,650328.166941,3326,217,1782,0.12177328843995511
2016-02-05,768586.5079877,9244,448,1782,0.25140291806958476
2016-02-06,941954.07605,3667,284,1782,0.15937149270482603
2016-02-07,697791.630994,4184,275,1782,0.15432098765432098
2016-02-08,636542.677274,3245,234,1782,0.13131313131313133
2016-02-09,746939.64016,5542,247,1782,0.13860830527497195
2016-02-10,790988.713851,10965,339,1782,0.19023569023569023
2016-02-11,646376.371075,5650,293,1782,0.1644219977553311
2016-02-12,698152.0698755,11248,504,1782,0.2828282828282828
2016-02-13,859023.0269945,6018,347,1782,0.1947250280583614
2016-02-14,940214.498527,6966,357,1782,0.20033670033670034
2016-02-15,746671.290005,5744,303,1782,0.17003367003367004
2016-02-16,719111.88609,6223,332,1782,0.186307519640853
2016-02-17,723794.722013,11241,412,1782,0.23120089786756454
2016-02-18,570072.678149,3949,300,1782,0.16835016835016836
2016-02-19,672510.133621,9501,515,1782,0.2890011223344557
2016-02-20,883790.2212395,4278,334,1782,0.18742985409652077
2016-02-21,991384.2700283,5431,359,1782,0.20145903479236812
2016-02-22,698907.63622,4009,305,1782,0.17115600448933782
2016-02-23,641329.0610941,6027,316,1782,0.17732884399551066
2016-02-24,675573.377814,11117,406,1782,0.22783389450056116
2016-02-25,557959.327812,3236,336,1782,0.18855218855218855
2016-02-26,641922.8016649,9782,490,1782,0.27497194163860833
2016-02-27,916704.0687289999,5172,400,1782,0.2244668911335578
2016-02-28,994502.727301,6156,412,1782,0.23120089786756454
2016-02-29,726619.7578255,3956,385,1782,0.21604938271604937
2016-03-01,897927.643296,6666,443,1782,0.24859708193041527
2016-03-02,878452.364907,11706,524,1782,0.2940516273849607
2016-03-03,671564.7523075,3490,426,1782,0.23905723905723905
2016-03-04,747546.7958183,9322,574,1782,0.3221099887766554
2016-03-05,1028620.677053,3909,446,1782,0.250280583613917
2016-03-06,1078958.5091855,4730,434,1782,0.24354657687991021
2016-03-07,738126.524119,3446,434,1782,0.24354657687991021
2016-03-08,642291.3448895,5398,468,1782,0.26262626262626265
2016-03-09,694645.8489091,10754,550,1782,0.30864197530864196
2016-03-10,572491.856825,3430,466,1782,0.2615039281705948
2016-03-11,664893.5129268001,9111,605,1782,0.3395061728395062
2016-03-12,898101.109871,3825,490,1782,0.27497194163860833
2016-03-13,954980.3301475,4613,446,1782,0.250280583613917
2016-03-14,668066.393105,3453,434,1782,0.24354657687991021
2016-03-15,668186.702459,5709,460,1782,0.25813692480359146
2016-03-16,739805.377693,10828,547,1782,0.3069584736251403
2016-03-17,580452.5319757,4979,542,1782,0.3041526374859708
2016-03-18,666756.8191527,9539,583,1782,0.3271604938271605
2016-03-19,895038.512068,4430,422,1782,0.23681257014590348
2016-03-20,929605.582019,5296,422,1782,0.23681257014590348
2016-03-21,690469.800941,4119,365,1782,0.2048260381593715
2016-03-22,622695.8369947,5900,375,1782,0.21043771043771045
2016-03-23,714881.17408,11249,466,1782,0.2615039281705948
2016-03-24,660489.8450025,2340,258,1782,0.1447811447811448
2016-03-25,633524.200062,7584,446,1782,0.250280583613917
2016-03-26,800133.5174955,2400,297,1782,0.16666666666666666
2016-03-27,833336.064862,3329,299,1782,0.16778900112233447
2016-03-28,661057.8656583,2380,277,1782,0.15544332210998876
2016-03-29,621166.0630926,4467,298,1782,0.16722783389450055
2016-03-30,660138.988943,9807,374,1782,0.20987654320987653
2016-03-31,617374.3379607,3581,310,1782,0.1739618406285073
2016-04-01,872467.3200749999,9793,511,1782,0.2867564534231201
2016-04-02,1150824.580929,3941,332,1782,0.186307519640853
2016-04-03,1266908.291001,5092,335,1782,0.18799102132435466
2016-04-04,795237.1920634999,3643,297,1782,0.16666666666666666
2016-04-05,725750.101045,5677,316,1782,0.17732884399551066
2016-04-06,744784.8430795,11186,410,1782,0.23007856341189675
2016-04-07,587939.720177,3080,253,1782,0.1419753086419753
2016-04-08,689727.1961377,9240,481,1782,0.26992143658810325
2016-04-09,927981.389244,4143,390,1782,0.21885521885521886
2016-04-10,1008876.737901,5403,428,1782,0.24017957351290684
2016-04-11,665348.963943,4377,422,1782,0.23681257014590348
2016-04-12,651657.0342615,6825,444,1782,0.24915824915824916
2016-04-13,672611.4810500001,12374,546,1782,0.3063973063973064
2016-04-14,546785.2089455,3484,528,1782,0.2962962962962963
2016-04-15,667606.299867,9158,667,1782,0.37429854096520765
2016-04-16,862121.492036,3954,589,1782,0.33052749719416386
2016-04-17,1271833.739255,4986,561,1782,0.3148148148148148
2016-04-18,1345920.6048929,4075,574,1782,0.3221099887766554
2016-04-19,1152089.208085,6110,574,1782,0.3221099887766554
2016-04-20,1062426.2900389,12650,643,1782,0.3608305274971942
2016-04-21,1001079.779168,5526,585,1782,0.3282828282828283
2016-04-22,857059.24399,11038,683,1782,0.3832772166105499
2016-04-23,1022143.1346499,5737,623,1782,0.3496071829405163
2016-04-24,1039369.932014,6762,619,1782,0.34736251402918067
2016-04-25,680000.753839,5125,582,1782,0.3265993265993266
2016-04-26,704799.4182328,7306,577,1782,0.32379349046015715
2016-04-27,670288.098041,13522,677,1782,0.37991021324354657
2016-04-28,543339.849013,6363,598,1782,0.33557800224466894
2016-04-29,708711.428894,14393,765,1782,0.4292929292929293
2016-04-30,1067335.770093,10349,712,1782,0.3995510662177329
2016-05-01,1270121.20756,12056,684,1782,0.3838383838383838
2016-05-02,973985.670432,9677,698,1782,0.39169472502805835
2016-05-03,792205.5501393,12286,658,1782,0.36924803591470257
2016-05-04,798654.4540987,17422,733,1782,0.4113355780022447
2016-05-05,648701.6029645,9971,647,1782,0.36307519640852975
2016-05-06,761422.5161262,16096,794,1782,0.44556677890011226
2016-05-07,1071192.776983,10650,677,1782,0.37991021324354657
2016-05-08,820824.6380683,10736,645,1782,0.36195286195286197
2016-05-09,771767.6541339,10233,621,1782,0.3484848484848485
2016-05-10,693010.486981,12099,635,1782,0.356341189674523
2016-05-11,727543.4630335,15793,673,1782,0.377665544332211
2016-05-12,603394.2070997,8951,684,1782,0.3838383838383838
2016-05-13,666833.8999414,14003,774,1782,0.43434343434343436
2016-05-14,932869.5212631,9545,702,1782,0.3939393939393939
2016-05-15,1070331.66738,10418,720,1782,0.40404040404040403
2016-05-16,748112.686851,8877,674,1782,0.3782267115600449
2016-05-17,661930.83884,10975,682,1782,0.38271604938271603
2016-05-18,671232.9593407,14599,706,1782,0.3961840628507295
2016-05-19,581470.5602065,8973,688,1782,0.38608305274971944
2016-05-20,706024.0579254,14004,751,1782,0.4214365881032548
2016-05-21,910757.16309,9307,657,1782,0.3686868686868687
2016-05-22,1030671.62292,10339,686,1782,0.38496071829405165
2016-05-23,695004.681298,8534,632,1782,0.3546576879910213
2016-05-24,606377.2052165,10606,679,1782,0.38103254769921435
2016-05-25,637512.038734,15657,763,1782,0.4281705948372615
2016-05-26,571968.623123,10758,762,1782,0.4276094276094276
2016-05-27,852689.219312,17133,867,1782,0.48653198653198654
2016-05-28,816187.2200643,11524,770,1782,0.43209876543209874
2016-05-29,959853.658039,12737,786,1782,0.44107744107744107
2016-05-30,752452.419172,11392,740,1782,0.4152637485970819
2016-05-31,974327.9898907,14668,806,1782,0.45230078563411896
2016-06-01,811525.320315,15912,794,1782,0.44556677890011226
2016-06-02,694535.9356793,8059,713,1782,0.4001122334455668
2016-06-03,742363.085208,11747,783,1782,0.4393939393939394
2016-06-04,1011996.61607,6666,745,1782,0.4180695847362514
2016-06-05,1123734.4361,7628,752,1782,0.4219977553310887
2016-06-06,729894.222866,6262,731,1782,0.4102132435465769
2016-06-07,658714.653306,8345,732,1782,0.4107744107744108
2016-06-08,696747.5498651,13972,777,1782,0.43602693602693604
2016-06-09,547139.6129411,6261,710,1782,0.3984287317620651
2016-06-10,637354.31962,12011,752,1782,0.4219977553310887
2016-06-11,845838.2061645,7639,739,1782,0.41470258136924804
2016-06-12,947479.764963,8585,751,1782,0.4214365881032548
2016-06-13,685382.193062,7235,696,1782,0.39057239057239057
2016-06-14,622267.7731045,9714,701,1782,0.39337822671156003
2016-06-15,708327.6370845,16034,785,1782,0.4405162738496072
2016-06-16,620526.243001,7642,705,1782,0.3956228956228956
2016-06-17,737897.438279,13274,803,1782,0.4506172839506173
2016-06-18,972971.109711,8524,738,1782,0.41414141414141414
2016-06-19,837363.023871,8814,717,1782,0.40235690235690236
2016-06-20,735754.3648971,7609,672,1782,0.3771043771043771
2016-06-21,679248.0220203,9623,664,1782,0.372615039281706
2016-06-22,677730.6512057,15476,718,1782,0.40291806958473625
2016-06-23,559653.337429,6384,715,1782,0.4012345679012346
2016-06-24,641812.675912,11846,784,1782,0.4399551066217733
2016-06-25,860296.8349625,6984,732,1782,0.4107744107744108
2016-06-26,954344.666933,8257,758,1782,0.42536475869809204
2016-06-27,684735.608995,6513,689,1782,0.3866442199775533
2016-06-28,596948.934953,8118,607,1782,0.34062850729517397
2016-06-29,632489.476942,13620,709,1782,0.3978675645342312
2016-06-30,554144.864923,6662,670,1782,0.3759820426487093
2016-07-01,857027.5539605,12713,826,1782,0.46352413019079686
2016-07-02,1078485.141848,7331,790,1782,0.44332210998877664
2016-07-03,1126713.707945,8070,784,1782,0.4399551066217733
2016-07-04,850891.598845,6906,780,1782,0.4377104377104377
2016-07-05,728011.558041,9188,731,1782,0.4102132435465769
2016-07-06,752110.940641,16405,795,1782,0.44612794612794615
2016-07-07,591702.7820185,5265,528,1782,0.2962962962962963
2016-07-08,688563.400224,12532,785,1782,0.4405162738496072
2016-07-09,868259.9708787,7671,712,1782,0.3995510662177329
2016-07-10,932486.3001359,8786,715,1782,0.4012345679012346
2016-07-11,688436.1450485,7134,688,1782,0.38608305274971944
2016-07-12,627039.780111,8817,669,1782,0.37542087542087543
2016-07-13,642494.4024465,13382,739,1782,0.41470258136924804
2016-07-14,535124.328126,5346,686,1782,0.38496071829405165
2016-07-15,675032.4290353,11407,783,1782,0.4393939393939394
2016-07-16,887192.885063,6365,712,1782,0.3995510662177329
2016-07-17,932586.6967328,7336,708,1782,0.39730639730639733
2016-07-18,702619.751022,5892,682,1782,0.38271604938271603
2016-07-19,633176.2922806,7823,665,1782,0.37317620650953987
2016-07-20,686848.847004,13216,772,1782,0.4332210998877666
2016-07-21,578823.6890245,5644,713,1782,0.4001122334455668
2016-07-22,646633.655341,10352,750,1782,0.4208754208754209
2016-07-23,822292.472006,5882,753,1782,0.4225589225589226
2016-07-24,847867.677942,6813,739,1782,0.41470258136924804
2016-07-25,697383.602092,5681,732,1782,0.4107744107744108
2016-07-26,622771.923903,7550,678,1782,0.38047138047138046
2016-07-27,651121.9849837,10781,661,1782,0.37093153759820424
2016-07-28,533256.2493581,5647,710,1782,0.3984287317620651
2016-07-29,669585.8378729,11243,795,1782,0.44612794612794615
2016-07-30,910213.871959,6377,771,1782,0.43265993265993263
2016-07-31,997916.9572141,7050,747,1782,0.41919191919191917
2016-08-01,895580.405053,5349,674,1782,0.3782267115600449
2016-08-02,777592.8388893,7884,627,1782,0.35185185185185186
2016-08-03,779844.8100532,13361,676,1782,0.3793490460157127
2016-08-04,622883.098161,5955,601,1782,0.3372615039281706
2016-08-05,704092.7391311,11624,712,1782,0.3995510662177329
2016-08-06,858903.2119025,6266,595,1782,0.3338945005611672
2016-08-07,904321.436838,7562,621,1782,0.3484848484848485
2016-08-08,715195.5388238,6231,592,1782,0.33221099887766553
2016-08-09,635538.981035,8593,618,1782,0.3468013468013468
2016-08-10,658457.436112,13998,691,1782,0.3877665544332211
2016-08-11,596729.279945,6448,669,1782,0.37542087542087543
2016-08-12,745662.5051491,11760,777,1782,0.43602693602693604
2016-08-13,714905.9190669,6521,690,1782,0.3872053872053872
2016-08-14,761826.1289779,7400,666,1782,0.37373737373737376
2016-08-15,720032.299881,6925,659,1782,0.36980920314253646
2016-08-16,718671.651353,8896,636,1782,0.3569023569023569
2016-08-17,725945.703034,14445,683,1782,0.3832772166105499
2016-08-18,577350.5209386,6847,644,1782,0.3613916947250281
2016-08-19,678767.115815,12171,726,1782,0.4074074074074074
2016-08-20,828986.33584,7317,657,1782,0.3686868686868687
2016-08-21,901870.149939,8091,638,1782,0.35802469135802467
2016-08-22,714866.233843,6907,615,1782,0.3451178451178451
2016-08-23,660819.9779755,8720,608,1782,0.34118967452300786
2016-08-24,674613.0479498,13484,636,1782,0.3569023569023569
2016-08-25,554421.529139,5714,600,1782,0.3367003367003367
2016-08-26,646698.272887,11058,681,1782,0.38215488215488214
2016-08-27,791047.534486,6313,639,1782,0.35858585858585856
2016-08-28,858802.419759,7180,626,1782,0.35129068462401797
2016-08-29,671845.736816,6096,596,1782,0.3344556677890011
2016-08-30,624711.335056,8397,585,1782,0.3282828282828283
2016-08-31,731430.1240452,14079,691,1782,0.3877665544332211
2016-09-01,718105.570925,6204,663,1782,0.3720538720538721
2016-09-02,837129.587642,11445,751,1782,0.4214365881032548
2016-09-03,1057581.210918,5986,693,1782,0.3888888888888889
2016-09-04,1109985.857533,6669,681,1782,0.38215488215488214
2016-09-05,813763.2950235,5446,652,1782,0.3658810325476992
2016-09-06,751583.025072,7130,606,1782,0.3400673400673401
2016-09-07,738543.916999,12437,623,1782,0.3496071829405163
2016-09-08,595849.2986095,5757,592,1782,0.33221099887766553
2016-09-09,658969.026968,11435,745,1782,0.4180695847362514
2016-09-10,915938.559049,6595,629,1782,0.35297418630751964
2016-09-11,1017369.2242663,7187,640,1782,0.35914702581369246
2016-09-12,678776.4591265,5902,569,1782,0.31930415263748596
2016-09-13,603427.946974,7836,546,1782,0.3063973063973064
2016-09-14,624262.071976,13238,609,1782,0.34175084175084175
2016-09-15,568324.812986,8373,574,1782,0.3221099887766554
2016-09-16,691912.601466,14453,744,1782,0.4175084175084175
2016-09-17,899219.297508,9645,639,1782,0.35858585858585856
2016-09-18,1018662.657394,10453,639,1782,0.35858585858585856
2016-09-19,681159.341976,8924,598,1782,0.33557800224466894
2016-09-20,650980.3219717001,10992,555,1782,0.3114478114478115
2016-09-21,666928.400013,16166,600,1782,0.3367003367003367
2016-09-22,533276.332017,9185,590,1782,0.33108866442199775
2016-09-23,663685.9846653,14938,757,1782,0.42480359147025815
2016-09-24,861830.389997,10165,661,1782,0.37093153759820424
2016-09-25,952352.5509251,10902,659,1782,0.36980920314253646
2016-09-26,664217.4402937,9248,623,1782,0.3496071829405163
2016-09-27,587908.3278165,11118,611,1782,0.34287317620650953
2016-09-28,631761.1750463,15766,637,1782,0.3574635241301908
2016-09-29,520744.9210333,8746,582,1782,0.3265993265993266
2016-09-30,703198.490806,14020,702,1782,0.3939393939393939
2016-10-01,1175033.65823,9040,659,1782,0.36980920314253646
2016-10-02,1256480.1709663,10009,662,1782,0.37149270482603813
2016-10-03,833060.55889,8527,632,1782,0.3546576879910213
2016-10-04,724113.096039,11381,597,1782,0.335016835016835
2016-10-05,749712.3000211,16510,638,1782,0.35802469135802467
2016-10-06,581429.340158,8844,684,1782,0.3838383838383838
2016-10-07,797612.239327,14565,769,1782,0.43153759820426485
2016-10-08,932551.706831,9965,698,1782,0.39169472502805835
2016-10-09,1088251.479908,10957,694,1782,0.3894500561167228
2016-10-10,725312.8469015,9518,684,1782,0.3838383838383838
2016-10-11,625271.993952,11499,676,1782,0.3793490460157127
2016-10-12,665126.077693,15499,681,1782,0.38215488215488214
2016-10-13,558859.8909975,9141,661,1782,0.37093153759820424
2016-10-14,667954.207226,14622,769,1782,0.43153759820426485
2016-10-15,890613.591114,9962,712,1782,0.3995510662177329
2016-10-16,1104504.6882152,11029,715,1782,0.4012345679012346
2016-10-17,710456.4240015,8913,645,1782,0.36195286195286197
2016-10-18,630638.592023,10764,659,1782,0.36980920314253646
2016-10-19,647823.468973,15074,693,1782,0.3888888888888889
2016-10-20,583001.280078,8438,681,1782,0.38215488215488214
2016-10-21,669453.5420583,13952,797,1782,0.44725028058361394
2016-10-22,843626.415914,8824,711,1782,0.398989898989899
2016-10-23,1022953.689959,10108,723,1782,0.4057239057239057
2016-10-24,668507.6451983,8278,645,1782,0.36195286195286197
2016-10-25,610590.8979547,10318,659,1782,0.36980920314253646
2016-10-26,633413.8905697,20046,797,1782,0.44725028058361394
2016-10-27,544361.4798829,12296,730,1782,0.409652076318743
2016-10-28,638838.252231,18399,1001,1782,0.5617283950617284
2016-10-29,841074.6969995,15002,935,1782,0.5246913580246914
2016-10-30,954838.191008,15945,963,1782,0.5404040404040404
2016-10-31,654923.5029715,13089,836,1782,0.4691358024691358
2016-11-01,811832.445984,15036,767,1782,0.43041526374859707
2016-11-02,969033.618953,21832,871,1782,0.4887766554433221
2016-11-03,793811.6841115,13041,753,1782,0.4225589225589226
2016-11-04,858468.216477,17726,793,1782,0.4450056116722783
2016-11-05,887751.298669,13143,745,1782,0.4180695847362514
2016-11-06,1140367.104134,14731,787,1782,0.44163860830527496
2016-11-07,849451.0429045,12332,715,1782,0.4012345679012346
2016-11-08,767439.628434,13995,700,1782,0.39281705948372614
2016-11-09,790276.839009,21413,845,1782,0.47418630751964086
2016-11-10,588241.7590247,11964,795,1782,0.44612794612794615
2016-11-11,713396.4541223,17688,859,1782,0.4820426487093154
2016-11-12,929802.771943,13278,839,1782,0.4708193041526375
2016-11-13,1188982.232398,14446,849,1782,0.4764309764309764
2016-11-14,735723.172977,10519,730,1782,0.409652076318743
2016-11-15,691801.6290437999,13178,769,1782,0.43153759820426485
2016-11-16,830431.7415873,20041,762,1782,0.4276094276094276
2016-11-17,615228.2560159,9983,748,1782,0.41975308641975306
2016-11-18,738265.552222,15252,825,1782,0.46296296296296297
2016-11-19,935656.0010137,11708,850,1782,0.4769921436588103
2016-11-20,1125178.987911,12877,841,1782,0.4719416386083053
2016-11-21,773762.280859,11295,771,1782,0.43265993265993263
2016-11-22,690281.251004,13276,782,1782,0.4388327721661055
2016-11-23,753685.041456,20488,818,1782,0.4590347923681257
2016-11-24,595457.3062203,11234,757,1782,0.42480359147025815
2016-11-25,737819.484836,17137,867,1782,0.48653198653198654
2016-11-26,908066.823384,12489,791,1782,0.44388327721661053
2016-11-27,1056721.5920875,13624,779,1782,0.4371492704826038
2016-11-28,752583.7680527,11861,779,1782,0.4371492704826038
2016-11-29,645760.5082353,13347,744,1782,0.4175084175084175
2016-11-30,767361.704324,19424,789,1782,0.44276094276094274
2016-12-01,843603.315088,12985,805,1782,0.45173961840628507
2016-12-02,853454.930795,18819,869,1782,0.4876543209876543
2016-12-03,1113440.567059,14279,832,1782,0.4668911335578002
2016-12-04,1276195.0362097,15186,831,1782,0.4663299663299663
2016-12-05,896824.938971,13159,781,1782,0.4382716049382716
2016-12-06,932546.385931,15573,801,1782,0.4494949494949495
2016-12-07,867653.7351403,26861,885,1782,0.49663299663299665
2016-12-08,674077.382905,13681,825,1782,0.46296296296296297
2016-12-09,774941.923982,19275,914,1782,0.5129068462401796
2016-12-10,920050.745917,14826,847,1782,0.47530864197530864
2016-12-11,1119324.243986,16281,845,1782,0.47418630751964086
2016-12-12,844251.703802,13791,809,1782,0.45398428731762064
2016-12-13,747161.615593,16204,799,1782,0.4483726150392817
2016-12-14,829763.2190675,21728,827,1782,0.46408529741863075
2016-12-15,747641.1828753001,14623,838,1782,0.4702581369248036
2016-12-16,918899.786306,20131,923,1782,0.5179573512906847
2016-12-17,1071655.6282493,15863,854,1782,0.4792368125701459
2016-12-18,1260471.9085900001,17228,851,1782,0.4775533108866442
2016-12-19,1028242.8227987,15014,833,1782,0.4674523007856341
2016-12-20,1080402.388032,17863,865,1782,0.48540965207631875
2016-12-21,1181307.3270735,23427,890,1782,0.4994388327721661
2016-12-22,1135849.391084,15486,849,1782,0.4764309764309764
2016-12-23,1282145.5171351,21531,950,1782,0.5331088664421998
2016-12-24,1246837.8430543,15250,836,1782,0.4691358024691358
2016-12-26,1032770.748898,14818,826,1782,0.46352413019079686
2016-12-27,842475.490118,16147,777,1782,0.43602693602693604
2016-12-28,951533.7138481,23634,899,1782,0.5044893378226711
2016-12-29,894108.236835,15877,860,1782,0.4826038159371493
2016-12-30,1163643.0379923,21974,947,1782,0.5314253647586981
2016-12-31,1109012.812049,15984,845,1782,0.47418630751964086
2017-01-01,12082.500997,170,15,1782,0.008417508417508417
2017-01-02,1402306.370834,11812,855,1782,0.4797979797979798
2017-01-03,1104377.0798245,13906,830,1782,0.4657687991021324
2017-01-04,990093.463742,22918,872,1782,0.489337822671156
2017-01-05,777620.9540695,8550,849,1782,0.4764309764309764
2017-01-06,839600.237989,15539,901,1782,0.5056116722783389
2017-01-07,1103806.298949,10406,865,1782,0.48540965207631875
2017-01-08,1192543.750978,11277,858,1782,0.48148148148148145
2017-01-09,793724.8969065,9647,834,1782,0.468013468013468
2017-01-10,742635.5692609,11820,803,1782,0.4506172839506173
2017-01-11,770742.690065,17301,835,1782,0.4685746352413019
2017-01-12,629635.794004,9601,847,1782,0.47530864197530864
2017-01-13,768898.9443882,15674,921,1782,0.5168350168350169
2017-01-14,1021050.536226,10682,914,1782,0.5129068462401796
2017-01-15,1175725.165838,11548,904,1782,0.5072951739618407
2017-01-16,824488.666175,9912,874,1782,0.4904601571268238
2017-01-17,750836.542952,12064,812,1782,0.4556677890011223
2017-01-18,782656.0246723,18723,864,1782,0.48484848484848486
2017-01-19,606949.7448793,9633,831,1782,0.4663299663299663
2017-01-20,725703.6910875,14854,881,1782,0.4943883277216611
2017-01-21,1072721.724905,10194,852,1782,0.4781144781144781
2017-01-22,1148214.358454,11257,861,1782,0.4831649831649832
2017-01-23,798133.612125,9356,824,1782,0.4624017957351291
2017-01-24,721275.774781,11940,823,1782,0.4618406285072952
2017-01-25,744342.5929227,18532,830,1782,0.4657687991021324
2017-01-26,576515.5369877,7562,804,1782,0.4511784511784512
2017-01-27,722113.958837,13112,858,1782,0.48148148148148145
2017-01-28,977850.40585,8264,840,1782,0.4713804713804714
2017-01-29,1075166.993043,9260,838,1782,0.4702581369248036
2017-01-30,698123.768037,7330,760,1782,0.4264870931537598
2017-01-31,778222.285925,10584,811,1782,0.4551066217732884
2017-02-01,961777.382874,16375,841,1782,0.4719416386083053
2017-02-02,748882.732615,8017,819,1782,0.4595959595959596
2017-02-03,834667.1519293,13655,892,1782,0.500561167227834
2017-02-04,1132788.541413,8302,845,1782,0.47418630751964086
2017-02-05,1151987.631095,9052,844,1782,0.47362514029180697
2017-02-06,786672.394181,7734,784,1782,0.4399551066217733
2017-02-07,739431.213302,9964,768,1782,0.43097643097643096
2017-02-08,783605.377185,19103,911,1782,0.5112233445566778
2017-02-09,624387.487899,7213,805,1782,0.45173961840628507
2017-02-10,752207.2398545,12607,896,1782,0.5028058361391695
2017-02-11,944924.65301,7840,835,1782,0.4685746352413019
2017-02-12,1074820.900014,8800,832,1782,0.4668911335578002
2017-02-13,794314.4320675,7527,821,1782,0.4607182940516274
2017-02-14,642613.187069,9653,809,1782,0.45398428731762064
2017-02-15,745780.355084,17201,884,1782,0.49607182940516276
2017-02-16,645968.2570671,8104,859,1782,0.4820426487093154
2017-02-17,758855.71279,13615,881,1782,0.4943883277216611
2017-02-18,1063394.844003,8434,824,1782,0.4624017957351291
2017-02-19,858897.1230135,9119,812,1782,0.4556677890011223
2017-02-20,759120.0599607,8008,825,1782,0.46296296296296297
2017-02-21,717807.6770255,10436,830,1782,0.4657687991021324
2017-02-22,739388.0344027,16096,855,1782,0.4797979797979798
2017-02-23,675578.500156,8374,838,1782,0.4702581369248036
2017-02-24,816197.498952,14147,922,1782,0.5173961840628507
2017-02-25,1026011.2228075,9005,873,1782,0.4898989898989899
2017-02-26,775708.987978,9260,828,1782,0.46464646464646464
2017-02-27,744956.948138,8398,816,1782,0.45791245791245794
2017-02-28,949366.8290505,11215,838,1782,0.4702581369248036
2017-03-01,1008521.709962,18621,880,1782,0.49382716049382713
2017-03-02,836225.179072,9186,759,1782,0.42592592592592593
2017-03-03,882639.776274,15308,911,1782,0.5112233445566778
2017-03-04,1125736.3470592,9661,771,1782,0.43265993265993263
2017-03-05,1196983.690104,10362,756,1782,0.42424242424242425
2017-03-06,790143.2410905,8100,717,1782,0.40235690235690236
2017-03-07,761866.729975,10556,754,1782,0.42312008978675647
2017-03-08,781046.6619577,16073,831,1782,0.4663299663299663
2017-03-09,653901.1919827,7340,699,1782,0.39225589225589225
2017-03-10,773855.30685,13248,803,1782,0.4506172839506173
2017-03-11,1001174.4340065,7610,755,1782,0.42368125701459036
2017-03-12,1146006.826973,8594,750,1782,0.4208754208754209
2017-03-13,754390.380036,7142,680,1782,0.38159371492704824
2017-03-14,700998.0346447,9650,703,1782,0.3945005611672278
2017-03-15,815621.887369,15436,762,1782,0.4276094276094276
2017-03-16,699108.166824,7569,743,1782,0.4169472502805836
2017-03-17,812306.77427,14263,841,1782,0.4719416386083053
2017-03-18,1038906.566154,8705,753,1782,0.4225589225589226
2017-03-19,1157140.638587,9579,759,1782,0.42592592592592593
2017-03-20,826428.90991,8349,716,1782,0.40179573512906847
2017-03-21,746620.926177,11112,739,1782,0.41470258136924804
2017-03-22,767880.804934,16052,828,1782,0.46464646464646464
2017-03-23,670848.010029,6839,700,1782,0.39281705948372614
2017-03-24,787914.125515,13150,797,1782,0.44725028058361394
2017-03-25,1038139.316887,8520,762,1782,0.4276094276094276
2017-03-26,1101557.476706,9434,750,1782,0.4208754208754209
2017-03-27,784103.265042,7884,735,1782,0.41245791245791247
2017-03-28,702943.948577,10654,762,1782,0.4276094276094276
2017-03-29,824632.985033,17151,832,1782,0.4668911335578002
2017-03-30,637624.340998,9116,722,1782,0.4051627384960718
2017-03-31,878750.03788,14027,805,1782,0.45173961840628507
2017-04-01,1463083.962459,7450,714,1782,0.4006734006734007
2017-04-02,1138650.058898,7946,671,1782,0.3765432098765432
2017-04-03,835191.622029,6545,664,1782,0.372615039281706
2017-04-04,835602.6360017,9316,723,1782,0.4057239057239057
2017-04-05,846631.307907,15094,743,1782,0.4169472502805836
2017-04-06,683059.570103,6973,705,1782,0.3956228956228956
2017-04-07,765502.211925,12478,808,1782,0.45342312008978675
2017-04-08,988591.469958,7567,738,1782,0.41414141414141414
2017-04-09,1101713.657101,8423,716,1782,0.40179573512906847
2017-04-10,739392.130988,6662,695,1782,0.3900112233445567
2017-04-11,741331.430196,9681,761,1782,0.4270482603815937
2017-04-12,791762.312883,18094,839,1782,0.4708193041526375
2017-04-13,737029.565183,10215,824,1782,0.4624017957351291
2017-04-14,740889.486829,15812,900,1782,0.5050505050505051
2017-04-15,898610.217928,10690,852,1782,0.4781144781144781
2017-04-16,985493.795113,11676,840,1782,0.4713804713804714
2017-04-17,775916.9059055,10152,787,1782,0.44163860830527496
2017-04-18,717196.315762,11980,801,1782,0.4494949494949495
2017-04-19,735733.2142477,19618,869,1782,0.4876543209876543
2017-04-20,675804.0219027,11231,835,1782,0.4685746352413019
2017-04-21,795795.893872,18291,914,1782,0.5129068462401796
2017-04-22,974952.817869,12972,857,1782,0.48092031425364756
2017-04-23,1140070.2748035,14276,850,1782,0.4769921436588103
2017-04-24,755072.530945,12476,836,1782,0.4691358024691358
2017-04-25,718996.080637,14844,839,1782,0.4708193041526375
2017-04-26,781159.2829995,21140,882,1782,0.494949494949495
2017-04-27,624910.0260955,12602,862,1782,0.4837261503928171
2017-04-28,797636.6251025,18991,928,1782,0.5207631874298541
2017-04-29,1068279.815941,13643,879,1782,0.49326599326599324
2017-04-30,1041249.2479705,14204,854,1782,0.4792368125701459
2017-05-01,1306699.366897,12733,887,1782,0.49775533108866443
2017-05-02,907324.094113,14155,849,1782,0.4764309764309764
2017-05-03,924247.257204,21181,875,1782,0.4910213243546577
2017-05-04,716654.608983,10040,807,1782,0.45286195286195285
2017-05-05,780798.407016,15908,930,1782,0.5218855218855218
2017-05-06,1039417.861868,10346,883,1782,0.49551066217732886
2017-05-07,1227380.607924,11503,888,1782,0.4983164983164983
2017-05-08,776307.495015,9552,869,1782,0.4876543209876543
2017-05-09,715811.198881,12040,852,1782,0.4781144781144781
2017-05-10,766101.907094,20292,924,1782,0.5185185185185185
2017-05-11,648650.413039,11109,900,1782,0.5050505050505051
2017-05-12,764812.415784,16721,972,1782,0.5454545454545454
2017-05-13,1116976.891153,12225,919,1782,0.5157126823793491
2017-05-14,884199.9138385,12682,912,1782,0.5117845117845118
2017-05-15,823035.572122,11265,904,1782,0.5072951739618407
2017-05-16,807803.8950783,13685,891,1782,0.5
2017-05-17,841407.607944,18617,923,1782,0.5179573512906847
2017-05-18,628487.989962,10594,852,1782,0.4781144781144781
2017-05-19,773775.4378677,15706,923,1782,0.5179573512906847
2017-05-20,1035667.381833,10841,864,1782,0.48484848484848486
2017-05-21,1201938.886229,12033,861,1782,0.4831649831649832
2017-05-22,778935.156126,10039,840,1782,0.4713804713804714
2017-05-23,723151.767982,12292,824,1782,0.4624017957351291
2017-05-24,746303.6271255,20850,885,1782,0.49663299663299665
2017-05-25,620108.24391,9527,831,1782,0.4663299663299663
2017-05-26,984511.1521135,16458,922,1782,0.5173961840628507
2017-05-27,932219.893144,10604,857,1782,0.48092031425364756
2017-05-28,1061771.636907,11854,862,1782,0.4837261503928171
2017-05-29,776813.137038,10056,824,1782,0.4624017957351291
2017-05-30,742471.2769905,12281,810,1782,0.45454545454545453
2017-05-31,858062.149411,17457,832,1782,0.4668911335578002
2017-06-01,766859.172845,3498,604,1782,0.3389450056116723
2017-06-02,918421.319125,13480,820,1782,0.4601571268237935
2017-06-03,1176138.109152,9337,783,1782,0.4393939393939394
2017-06-04,1376511.520495,10512,784,1782,0.4399551066217733
2017-06-05,912693.8511,8750,729,1782,0.4090909090909091
2017-06-06,805546.6479560001,11319,763,1782,0.4281705948372615
2017-06-07,842979.8370823,17369,775,1782,0.43490460157126826
2017-06-08,667099.801025,10621,741,1782,0.4158249158249158
2017-06-09,795116.1360699,15713,854,1782,0.4792368125701459
2017-06-10,993732.684049,11792,807,1782,0.45286195286195285
2017-06-11,1213673.946877,13187,824,1782,0.4624017957351291
2017-06-12,768349.7589517,10854,742,1782,0.4163860830527497
2017-06-13,729412.959849,13186,758,1782,0.42536475869809204
2017-06-14,785885.9088963,20019,850,1782,0.4769921436588103
2017-06-15,660338.346974,10081,818,1782,0.4590347923681257
2017-06-16,834786.4275550001,15820,886,1782,0.49719416386083054
2017-06-17,1096133.5508865,11567,860,1782,0.4826038159371493
2017-06-18,965144.121179,12259,850,1782,0.4769921436588103
2017-06-19,791146.393731,10399,788,1782,0.44219977553310885
2017-06-20,787326.7170395,13072,810,1782,0.45454545454545453
2017-06-21,766159.0112892,21009,839,1782,0.4708193041526375
2017-06-22,609868.8309586,11621,720,1782,0.40404040404040403
2017-06-23,761049.7450639,17672,875,1782,0.4910213243546577
2017-06-24,963268.227135,12262,795,1782,0.44612794612794615
2017-06-25,1092610.858614,13371,770,1782,0.43209876543209874
2017-06-26,755367.8450665,10857,740,1782,0.4152637485970819
2017-06-27,682218.468913,13169,733,1782,0.4113355780022447
2017-06-28,731896.9850105,20138,779,1782,0.4371492704826038
2017-06-29,630811.802872,13403,759,1782,0.42592592592592593
2017-06-30,802273.1392327,18245,868,1782,0.48709315375982043
2017-07-01,1207529.921868,13017,839,1782,0.4708193041526375
2017-07-02,1296379.2175535,13882,804,1782,0.4511784511784512
2017-07-03,925143.408816,12329,805,1782,0.45173961840628507
2017-07-04,832359.2860137,14888,821,1782,0.4607182940516274
2017-07-05,844301.613116,23049,937,1782,0.5258136924803591
2017-07-06,700272.0099567,13192,740,1782,0.4152637485970819
2017-07-07,805792.302193,18485,863,1782,0.48428731762065097
2017-07-08,998347.1930085,13428,743,1782,0.4169472502805836
2017-07-09,1100833.322376,14273,729,1782,0.4090909090909091
2017-07-10,804158.8610365,12239,711,1782,0.398989898989899
2017-07-11,730534.767701,14429,707,1782,0.39674523007856344
2017-07-12,748799.9959087,20226,764,1782,0.4287317620650954
2017-07-13,629651.3629294999,10199,737,1782,0.41358024691358025
2017-07-14,765489.6173932999,16059,842,1782,0.4725028058361392
2017-07-15,969077.125075,11079,730,1782,0.409652076318743
2017-07-16,1100803.699023,11720,745,1782,0.4180695847362514
2017-07-17,818325.522149,10056,691,1782,0.3877665544332211
2017-07-18,730133.70894,12065,689,1782,0.3866442199775533
2017-07-19,767978.778078,18201,705,1782,0.3956228956228956
2017-07-20,688288.067857,10708,712,1782,0.3995510662177329
2017-07-21,782418.2992188,15340,830,1782,0.4657687991021324
2017-07-22,932902.046681,10070,724,1782,0.4062850729517396
2017-07-23,1024288.741245,10870,729,1782,0.4090909090909091
2017-07-24,816564.327096,9448,704,1782,0.3950617283950617
2017-07-25,713581.632609,11325,699,1782,0.39225589225589225
2017-07-26,740653.044167,18725,748,1782,0.41975308641975306
2017-07-27,659849.8270588,8001,684,1782,0.3838383838383838
2017-07-28,835099.6822035,13850,791,1782,0.44388327721661053
2017-07-29,1032310.865737,9099,729,1782,0.4090909090909091
2017-07-30,1123752.4779517,10227,724,1782,0.4062850729517396
2017-07-31,885856.8408705,8649,697,1782,0.39113355780022446
2017-08-01,988527.763204,10150,703,1782,0.3945005611672278
2017-08-02,964712.016051,16524,755,1782,0.42368125701459036
2017-08-03,728068.485132,7859,760,1782,0.4264870931537598
2017-08-04,827775.686128,14193,867,1782,0.48653198653198654
2017-08-05,965693.650492,8684,784,1782,0.4399551066217733
2017-08-06,1049559.164277,9565,779,1782,0.4371492704826038
2017-08-07,797464.963817,8209,719,1782,0.40347923681257014
2017-08-08,717766.3491055,10638,756,1782,0.42424242424242425
2017-08-09,734139.67401,16117,796,1782,0.44668911335578004
2017-08-10,651386.9119697,7917,791,1782,0.44388327721661053
2017-08-11,826373.722022,14179,915,1782,0.5134680134680135
2017-08-12,792630.5350785,8312,820,1782,0.4601571268237935
2017-08-13,865639.677471,9283,809,1782,0.45398428731762064
2017-08-14,760922.4060808,8043,753,1782,0.4225589225589226
2017-08-15,762661.935939,10605,777,1782,0.43602693602693604
